"Problem","Severity","Normalized Severity","File","Line","Column","Rule","Description","URL","Category","Engine"
"1","3","3","C:\Users\Mark Meyer\Documents\mega-history\force-app\main\default\classes\AssignAdminPermSet.cls","6","8","AvoidGlobalModifier","Avoid using global modifier","https://docs.pmd-code.org/pmd-doc-7.4.0/pmd_rules_apex_bestpractices.html#avoidglobalmodifier","Best Practices","pmd"
"2","3","3","C:\Users\Mark Meyer\Documents\mega-history\force-app\main\default\classes\AssignAdminPermSet.cls","12","5","EmptyStatementBlock","Avoid empty block statements.","https://docs.pmd-code.org/pmd-doc-7.4.0/pmd_rules_apex_errorprone.html#emptystatementblock","Error Prone","pmd"
"3","3","3","C:\Users\Mark Meyer\Documents\mega-history\force-app\main\default\classes\HistoryTrackingService.cls","6","24","AvoidGlobalModifier","Avoid using global modifier","https://docs.pmd-code.org/pmd-doc-7.4.0/pmd_rules_apex_bestpractices.html#avoidglobalmodifier","Best Practices","pmd"
"4","3","3","C:\Users\Mark Meyer\Documents\mega-history\force-app\main\default\classes\HistoryTrackingService.cls","6","24","StdCyclomaticComplexity","The class 'HistoryTrackingService' has a Standard Cyclomatic Complexity of 26 (Highest = 73).","https://docs.pmd-code.org/pmd-doc-7.4.0/pmd_rules_apex_design.html#stdcyclomaticcomplexity","Design","pmd"
"5","3","3","C:\Users\Mark Meyer\Documents\mega-history\force-app\main\default\classes\HistoryTrackingService.cls","6","24","CognitiveComplexity","The class 'HistoryTrackingService' has a total cognitive complexity of 397 (highest 395), current threshold is 50","https://docs.pmd-code.org/pmd-doc-7.4.0/pmd_rules_apex_design.html#cognitivecomplexity","Design","pmd"
"6","3","3","C:\Users\Mark Meyer\Documents\mega-history\force-app\main\default\classes\HistoryTrackingService.cls","6","24","CyclomaticComplexity","The class 'HistoryTrackingService' has a total cyclomatic complexity of 96 (highest 92).","https://docs.pmd-code.org/pmd-doc-7.4.0/pmd_rules_apex_design.html#cyclomaticcomplexity","Design","pmd"
"7","3","3","C:\Users\Mark Meyer\Documents\mega-history\force-app\main\default\classes\HistoryTrackingService.cls","19","19","StdCyclomaticComplexity","The method 'track' has a Standard Cyclomatic Complexity of 73.","https://docs.pmd-code.org/pmd-doc-7.4.0/pmd_rules_apex_design.html#stdcyclomaticcomplexity","Design","pmd"
"8","3","3","C:\Users\Mark Meyer\Documents\mega-history\force-app\main\default\classes\HistoryTrackingService.cls","19","19","NcssMethodCount","The method 'track()' has an NCSS line count of 278 (limit: 40)","https://docs.pmd-code.org/pmd-doc-7.4.0/pmd_rules_apex_design.html#ncssmethodcount","Design","pmd"
"9","3","3","C:\Users\Mark Meyer\Documents\mega-history\force-app\main\default\classes\HistoryTrackingService.cls","19","19","CognitiveComplexity","The method 'track(List<Sobject>, Map<Id, sObject>, String)' has a cognitive complexity of 395, current threshold is 15","https://docs.pmd-code.org/pmd-doc-7.4.0/pmd_rules_apex_design.html#cognitivecomplexity","Design","pmd"
"10","3","3","C:\Users\Mark Meyer\Documents\mega-history\force-app\main\default\classes\HistoryTrackingService.cls","19","19","CyclomaticComplexity","The method 'track(List<Sobject>, Map<Id, sObject>, String)' has a cyclomatic complexity of 92.","https://docs.pmd-code.org/pmd-doc-7.4.0/pmd_rules_apex_design.html#cyclomaticcomplexity","Design","pmd"
"11","3","3","C:\Users\Mark Meyer\Documents\mega-history\force-app\main\default\classes\HistoryTrackingService.cls","45","17","AvoidDeeplyNestedIfStmts","Deeply nested if..then statements are hard to read","https://docs.pmd-code.org/pmd-doc-7.4.0/pmd_rules_apex_design.html#avoiddeeplynestedifstmts","Design","pmd"
"12","3","3","C:\Users\Mark Meyer\Documents\mega-history\force-app\main\default\classes\HistoryTrackingService.cls","61","102","IfStmtsMustUseBraces","Avoid using if statements without curly braces","https://docs.pmd-code.org/pmd-doc-7.4.0/pmd_rules_apex_codestyle.html#ifstmtsmustusebraces","Code Style","pmd"
"13","3","3","C:\Users\Mark Meyer\Documents\mega-history\force-app\main\default\classes\HistoryTrackingService.cls","61","102","IfElseStmtsMustUseBraces","Avoid using if...else statements without curly braces","https://docs.pmd-code.org/pmd-doc-7.4.0/pmd_rules_apex_codestyle.html#ifelsestmtsmustusebraces","Code Style","pmd"
"14","3","3","C:\Users\Mark Meyer\Documents\mega-history\force-app\main\default\classes\HistoryTrackingService.cls","64","41","AvoidDebugStatements","Avoid debug statements since they impact on performance","https://docs.pmd-code.org/pmd-doc-7.4.0/pmd_rules_apex_performance.html#avoiddebugstatements","Performance","pmd"
"15","3","3","C:\Users\Mark Meyer\Documents\mega-history\force-app\main\default\classes\HistoryTrackingService.cls","64","41","DebugsShouldUseLoggingLevel","Calls to System.debug should specify a logging level.","https://docs.pmd-code.org/pmd-doc-7.4.0/pmd_rules_apex_bestpractices.html#debugsshoulduselogginglevel","Best Practices","pmd"
"16","3","3","C:\Users\Mark Meyer\Documents\mega-history\force-app\main\default\classes\HistoryTrackingService.cls","122","29","AvoidDeeplyNestedIfStmts","Deeply nested if..then statements are hard to read","https://docs.pmd-code.org/pmd-doc-7.4.0/pmd_rules_apex_design.html#avoiddeeplynestedifstmts","Design","pmd"
"17","3","3","C:\Users\Mark Meyer\Documents\mega-history\force-app\main\default\classes\HistoryTrackingService.cls","125","29","AvoidDeeplyNestedIfStmts","Deeply nested if..then statements are hard to read","https://docs.pmd-code.org/pmd-doc-7.4.0/pmd_rules_apex_design.html#avoiddeeplynestedifstmts","Design","pmd"
"18","3","3","C:\Users\Mark Meyer\Documents\mega-history\force-app\main\default\classes\HistoryTrackingService.cls","140","29","AvoidDeeplyNestedIfStmts","Deeply nested if..then statements are hard to read","https://docs.pmd-code.org/pmd-doc-7.4.0/pmd_rules_apex_design.html#avoiddeeplynestedifstmts","Design","pmd"
"19","3","3","C:\Users\Mark Meyer\Documents\mega-history\force-app\main\default\classes\HistoryTrackingService.cls","144","29","AvoidDeeplyNestedIfStmts","Deeply nested if..then statements are hard to read","https://docs.pmd-code.org/pmd-doc-7.4.0/pmd_rules_apex_design.html#avoiddeeplynestedifstmts","Design","pmd"
"20","3","3","C:\Users\Mark Meyer\Documents\mega-history\force-app\main\default\classes\HistoryTrackingService.cls","149","98","IfStmtsMustUseBraces","Avoid using if statements without curly braces","https://docs.pmd-code.org/pmd-doc-7.4.0/pmd_rules_apex_codestyle.html#ifstmtsmustusebraces","Code Style","pmd"
"21","3","3","C:\Users\Mark Meyer\Documents\mega-history\force-app\main\default\classes\HistoryTrackingService.cls","149","98","IfElseStmtsMustUseBraces","Avoid using if...else statements without curly braces","https://docs.pmd-code.org/pmd-doc-7.4.0/pmd_rules_apex_codestyle.html#ifelsestmtsmustusebraces","Code Style","pmd"
"22","3","3","C:\Users\Mark Meyer\Documents\mega-history\force-app\main\default\classes\HistoryTrackingService.cls","151","41","AvoidDebugStatements","Avoid debug statements since they impact on performance","https://docs.pmd-code.org/pmd-doc-7.4.0/pmd_rules_apex_performance.html#avoiddebugstatements","Performance","pmd"
"23","3","3","C:\Users\Mark Meyer\Documents\mega-history\force-app\main\default\classes\HistoryTrackingService.cls","151","41","DebugsShouldUseLoggingLevel","Calls to System.debug should specify a logging level.","https://docs.pmd-code.org/pmd-doc-7.4.0/pmd_rules_apex_bestpractices.html#debugsshoulduselogginglevel","Best Practices","pmd"
"24","3","3","C:\Users\Mark Meyer\Documents\mega-history\force-app\main\default\classes\HistoryTrackingService.cls","157","29","AvoidDeeplyNestedIfStmts","Deeply nested if..then statements are hard to read","https://docs.pmd-code.org/pmd-doc-7.4.0/pmd_rules_apex_design.html#avoiddeeplynestedifstmts","Design","pmd"
"25","3","3","C:\Users\Mark Meyer\Documents\mega-history\force-app\main\default\classes\HistoryTrackingService.cls","159","86","IfStmtsMustUseBraces","Avoid using if statements without curly braces","https://docs.pmd-code.org/pmd-doc-7.4.0/pmd_rules_apex_codestyle.html#ifstmtsmustusebraces","Code Style","pmd"
"26","3","3","C:\Users\Mark Meyer\Documents\mega-history\force-app\main\default\classes\HistoryTrackingService.cls","159","86","IfElseStmtsMustUseBraces","Avoid using if...else statements without curly braces","https://docs.pmd-code.org/pmd-doc-7.4.0/pmd_rules_apex_codestyle.html#ifelsestmtsmustusebraces","Code Style","pmd"
"27","3","3","C:\Users\Mark Meyer\Documents\mega-history\force-app\main\default\classes\HistoryTrackingService.cls","160","101","IfStmtsMustUseBraces","Avoid using if statements without curly braces","https://docs.pmd-code.org/pmd-doc-7.4.0/pmd_rules_apex_codestyle.html#ifstmtsmustusebraces","Code Style","pmd"
"28","3","3","C:\Users\Mark Meyer\Documents\mega-history\force-app\main\default\classes\HistoryTrackingService.cls","160","101","IfElseStmtsMustUseBraces","Avoid using if...else statements without curly braces","https://docs.pmd-code.org/pmd-doc-7.4.0/pmd_rules_apex_codestyle.html#ifelsestmtsmustusebraces","Code Style","pmd"
"29","3","3","C:\Users\Mark Meyer\Documents\mega-history\force-app\main\default\classes\HistoryTrackingService.cls","163","86","IfStmtsMustUseBraces","Avoid using if statements without curly braces","https://docs.pmd-code.org/pmd-doc-7.4.0/pmd_rules_apex_codestyle.html#ifstmtsmustusebraces","Code Style","pmd"
"30","3","3","C:\Users\Mark Meyer\Documents\mega-history\force-app\main\default\classes\HistoryTrackingService.cls","163","86","IfElseStmtsMustUseBraces","Avoid using if...else statements without curly braces","https://docs.pmd-code.org/pmd-doc-7.4.0/pmd_rules_apex_codestyle.html#ifelsestmtsmustusebraces","Code Style","pmd"
"31","3","3","C:\Users\Mark Meyer\Documents\mega-history\force-app\main\default\classes\HistoryTrackingService.cls","164","101","IfStmtsMustUseBraces","Avoid using if statements without curly braces","https://docs.pmd-code.org/pmd-doc-7.4.0/pmd_rules_apex_codestyle.html#ifstmtsmustusebraces","Code Style","pmd"
"32","3","3","C:\Users\Mark Meyer\Documents\mega-history\force-app\main\default\classes\HistoryTrackingService.cls","164","101","IfElseStmtsMustUseBraces","Avoid using if...else statements without curly braces","https://docs.pmd-code.org/pmd-doc-7.4.0/pmd_rules_apex_codestyle.html#ifelsestmtsmustusebraces","Code Style","pmd"
"33","3","3","C:\Users\Mark Meyer\Documents\mega-history\force-app\main\default\classes\HistoryTrackingService.cls","167","29","AvoidDeeplyNestedIfStmts","Deeply nested if..then statements are hard to read","https://docs.pmd-code.org/pmd-doc-7.4.0/pmd_rules_apex_design.html#avoiddeeplynestedifstmts","Design","pmd"
"34","3","3","C:\Users\Mark Meyer\Documents\mega-history\force-app\main\default\classes\HistoryTrackingService.cls","167","69","IfStmtsMustUseBraces","Avoid using if statements without curly braces","https://docs.pmd-code.org/pmd-doc-7.4.0/pmd_rules_apex_codestyle.html#ifstmtsmustusebraces","Code Style","pmd"
"35","3","3","C:\Users\Mark Meyer\Documents\mega-history\force-app\main\default\classes\HistoryTrackingService.cls","167","69","IfElseStmtsMustUseBraces","Avoid using if...else statements without curly braces","https://docs.pmd-code.org/pmd-doc-7.4.0/pmd_rules_apex_codestyle.html#ifelsestmtsmustusebraces","Code Style","pmd"
"36","3","3","C:\Users\Mark Meyer\Documents\mega-history\force-app\main\default\classes\HistoryTrackingService.cls","175","33","AvoidDeeplyNestedIfStmts","Deeply nested if..then statements are hard to read","https://docs.pmd-code.org/pmd-doc-7.4.0/pmd_rules_apex_design.html#avoiddeeplynestedifstmts","Design","pmd"
"37","3","3","C:\Users\Mark Meyer\Documents\mega-history\force-app\main\default\classes\HistoryTrackingService.cls","182","33","AvoidDebugStatements","Avoid debug statements since they impact on performance","https://docs.pmd-code.org/pmd-doc-7.4.0/pmd_rules_apex_performance.html#avoiddebugstatements","Performance","pmd"
"38","3","3","C:\Users\Mark Meyer\Documents\mega-history\force-app\main\default\classes\HistoryTrackingService.cls","182","33","DebugsShouldUseLoggingLevel","Calls to System.debug should specify a logging level.","https://docs.pmd-code.org/pmd-doc-7.4.0/pmd_rules_apex_bestpractices.html#debugsshoulduselogginglevel","Best Practices","pmd"
"39","3","3","C:\Users\Mark Meyer\Documents\mega-history\force-app\main\default\classes\HistoryTrackingService.cls","193","29","AvoidDeeplyNestedIfStmts","Deeply nested if..then statements are hard to read","https://docs.pmd-code.org/pmd-doc-7.4.0/pmd_rules_apex_design.html#avoiddeeplynestedifstmts","Design","pmd"
"40","3","3","C:\Users\Mark Meyer\Documents\mega-history\force-app\main\default\classes\HistoryTrackingService.cls","193","76","IfStmtsMustUseBraces","Avoid using if statements without curly braces","https://docs.pmd-code.org/pmd-doc-7.4.0/pmd_rules_apex_codestyle.html#ifstmtsmustusebraces","Code Style","pmd"
"41","3","3","C:\Users\Mark Meyer\Documents\mega-history\force-app\main\default\classes\HistoryTrackingService.cls","193","76","IfElseStmtsMustUseBraces","Avoid using if...else statements without curly braces","https://docs.pmd-code.org/pmd-doc-7.4.0/pmd_rules_apex_codestyle.html#ifelsestmtsmustusebraces","Code Style","pmd"
"42","3","3","C:\Users\Mark Meyer\Documents\mega-history\force-app\main\default\classes\HistoryTrackingService.cls","204","48","OperationWithLimitsInLoop","Avoid operations in loops that may hit governor limits","https://docs.pmd-code.org/pmd-doc-7.4.0/pmd_rules_apex_performance.html#operationwithlimitsinloop","Performance","pmd"
"43","3","3","C:\Users\Mark Meyer\Documents\mega-history\force-app\main\default\classes\HistoryTrackingService.cls","210","29","AvoidDebugStatements","Avoid debug statements since they impact on performance","https://docs.pmd-code.org/pmd-doc-7.4.0/pmd_rules_apex_performance.html#avoiddebugstatements","Performance","pmd"
"44","3","3","C:\Users\Mark Meyer\Documents\mega-history\force-app\main\default\classes\HistoryTrackingService.cls","210","29","DebugsShouldUseLoggingLevel","Calls to System.debug should specify a logging level.","https://docs.pmd-code.org/pmd-doc-7.4.0/pmd_rules_apex_bestpractices.html#debugsshoulduselogginglevel","Best Practices","pmd"
"45","3","3","C:\Users\Mark Meyer\Documents\mega-history\force-app\main\default\classes\HistoryTrackingService.cls","214","25","AvoidDeeplyNestedIfStmts","Deeply nested if..then statements are hard to read","https://docs.pmd-code.org/pmd-doc-7.4.0/pmd_rules_apex_design.html#avoiddeeplynestedifstmts","Design","pmd"
"46","3","3","C:\Users\Mark Meyer\Documents\mega-history\force-app\main\default\classes\HistoryTrackingService.cls","222","94","IfStmtsMustUseBraces","Avoid using if statements without curly braces","https://docs.pmd-code.org/pmd-doc-7.4.0/pmd_rules_apex_codestyle.html#ifstmtsmustusebraces","Code Style","pmd"
"47","3","3","C:\Users\Mark Meyer\Documents\mega-history\force-app\main\default\classes\HistoryTrackingService.cls","222","94","IfElseStmtsMustUseBraces","Avoid using if...else statements without curly braces","https://docs.pmd-code.org/pmd-doc-7.4.0/pmd_rules_apex_codestyle.html#ifelsestmtsmustusebraces","Code Style","pmd"
"48","3","3","C:\Users\Mark Meyer\Documents\mega-history\force-app\main\default\classes\HistoryTrackingService.cls","231","17","ApexCRUDViolation","Validate CRUD permission before SOQL/DML operation or enforce user mode","https://docs.pmd-code.org/pmd-doc-7.4.0/pmd_rules_apex_security.html#apexcrudviolation","Security","pmd"
"49","3","3","C:\Users\Mark Meyer\Documents\mega-history\force-app\main\default\classes\HistoryTrackingService.cls","258","13","ApexCRUDViolation","Validate CRUD permission before SOQL/DML operation or enforce user mode","https://docs.pmd-code.org/pmd-doc-7.4.0/pmd_rules_apex_security.html#apexcrudviolation","Security","pmd"
"50","3","3","C:\Users\Mark Meyer\Documents\mega-history\force-app\main\default\classes\HistoryWrapper.cls","6","21","ExcessivePublicCount","The class HistoryWrapper has 21 public methods, attributes, and properties (limit: 20)","https://docs.pmd-code.org/pmd-doc-7.4.0/pmd_rules_apex_design.html#excessivepubliccount","Design","pmd"
"51","3","3","C:\Users\Mark Meyer\Documents\mega-history\force-app\main\default\classes\HistoryWrapper.cls","6","21","TooManyFields","Too many fields","https://docs.pmd-code.org/pmd-doc-7.4.0/pmd_rules_apex_design.html#toomanyfields","Design","pmd"
"52","3","3","C:\Users\Mark Meyer\Documents\mega-history\force-app\main\default\classes\ImportController.cls","6","21","StdCyclomaticComplexity","The class 'ImportController' has a Standard Cyclomatic Complexity of 6 (Highest = 11).","https://docs.pmd-code.org/pmd-doc-7.4.0/pmd_rules_apex_design.html#stdcyclomaticcomplexity","Design","pmd"
"53","3","3","C:\Users\Mark Meyer\Documents\mega-history\force-app\main\default\classes\ImportController.cls","6","21","CyclomaticComplexity","The class 'ImportController' has a total cyclomatic complexity of 44 (highest 18).","https://docs.pmd-code.org/pmd-doc-7.4.0/pmd_rules_apex_design.html#cyclomaticcomplexity","Design","pmd"
"54","3","3","C:\Users\Mark Meyer\Documents\mega-history\force-app\main\default\classes\ImportController.cls","16","42","AvoidNonRestrictiveQueries","Avoid SOQL queries without a where or limit statement","https://docs.pmd-code.org/pmd-doc-7.4.0/pmd_rules_apex_performance.html#avoidnonrestrictivequeries","Performance","pmd"
"55","5","3","C:\Users\Mark Meyer\Documents\mega-history\force-app\main\default\classes\ImportController.cls","21","55","UnusedLocalVariable","Variable 'objectDescribeMap' defined but not used","https://docs.pmd-code.org/pmd-doc-7.4.0/pmd_rules_apex_bestpractices.html#unusedlocalvariable","Best Practices","pmd"
"56","3","3","C:\Users\Mark Meyer\Documents\mega-history\force-app\main\default\classes\ImportController.cls","22","55","EagerlyLoadedDescribeSObjectResult","DescribeSObjectResult could be being loaded eagerly with all child relationships.","https://docs.pmd-code.org/pmd-doc-7.4.0/pmd_rules_apex_performance.html#eagerlyloadeddescribesobjectresult","Performance","pmd"
"57","3","3","C:\Users\Mark Meyer\Documents\mega-history\force-app\main\default\classes\ImportController.cls","29","13","AvoidDebugStatements","Avoid debug statements since they impact on performance","https://docs.pmd-code.org/pmd-doc-7.4.0/pmd_rules_apex_performance.html#avoiddebugstatements","Performance","pmd"
"58","3","3","C:\Users\Mark Meyer\Documents\mega-history\force-app\main\default\classes\ImportController.cls","44","55","EagerlyLoadedDescribeSObjectResult","DescribeSObjectResult could be being loaded eagerly with all child relationships.","https://docs.pmd-code.org/pmd-doc-7.4.0/pmd_rules_apex_performance.html#eagerlyloadeddescribesobjectresult","Performance","pmd"
"59","3","3","C:\Users\Mark Meyer\Documents\mega-history\force-app\main\default\classes\ImportController.cls","54","13","AvoidDebugStatements","Avoid debug statements since they impact on performance","https://docs.pmd-code.org/pmd-doc-7.4.0/pmd_rules_apex_performance.html#avoiddebugstatements","Performance","pmd"
"60","3","3","C:\Users\Mark Meyer\Documents\mega-history\force-app\main\default\classes\ImportController.cls","72","13","AvoidDebugStatements","Avoid debug statements since they impact on performance","https://docs.pmd-code.org/pmd-doc-7.4.0/pmd_rules_apex_performance.html#avoiddebugstatements","Performance","pmd"
"61","3","3","C:\Users\Mark Meyer\Documents\mega-history\force-app\main\default\classes\ImportController.cls","83","19","StdCyclomaticComplexity","The method 'getSelectedObjectRecords' has a Standard Cyclomatic Complexity of 11.","https://docs.pmd-code.org/pmd-doc-7.4.0/pmd_rules_apex_design.html#stdcyclomaticcomplexity","Design","pmd"
"62","3","3","C:\Users\Mark Meyer\Documents\mega-history\force-app\main\default\classes\ImportController.cls","83","19","CognitiveComplexity","The method 'getSelectedObjectRecords(String)' has a cognitive complexity of 19, current threshold is 15","https://docs.pmd-code.org/pmd-doc-7.4.0/pmd_rules_apex_design.html#cognitivecomplexity","Design","pmd"
"63","3","3","C:\Users\Mark Meyer\Documents\mega-history\force-app\main\default\classes\ImportController.cls","83","19","CyclomaticComplexity","The method 'getSelectedObjectRecords(String)' has a cyclomatic complexity of 12.","https://docs.pmd-code.org/pmd-doc-7.4.0/pmd_rules_apex_design.html#cyclomaticcomplexity","Design","pmd"
"64","3","3","C:\Users\Mark Meyer\Documents\mega-history\force-app\main\default\classes\ImportController.cls","97","13","AvoidDebugStatements","Avoid debug statements since they impact on performance","https://docs.pmd-code.org/pmd-doc-7.4.0/pmd_rules_apex_performance.html#avoiddebugstatements","Performance","pmd"
"65","3","3","C:\Users\Mark Meyer\Documents\mega-history\force-app\main\default\classes\ImportController.cls","97","13","DebugsShouldUseLoggingLevel","Calls to System.debug should specify a logging level.","https://docs.pmd-code.org/pmd-doc-7.4.0/pmd_rules_apex_bestpractices.html#debugsshoulduselogginglevel","Best Practices","pmd"
"66","3","3","C:\Users\Mark Meyer\Documents\mega-history\force-app\main\default\classes\ImportController.cls","99","13","AvoidDebugStatements","Avoid debug statements since they impact on performance","https://docs.pmd-code.org/pmd-doc-7.4.0/pmd_rules_apex_performance.html#avoiddebugstatements","Performance","pmd"
"67","3","3","C:\Users\Mark Meyer\Documents\mega-history\force-app\main\default\classes\ImportController.cls","99","13","DebugsShouldUseLoggingLevel","Calls to System.debug should specify a logging level.","https://docs.pmd-code.org/pmd-doc-7.4.0/pmd_rules_apex_bestpractices.html#debugsshoulduselogginglevel","Best Practices","pmd"
"68","3","3","C:\Users\Mark Meyer\Documents\mega-history\force-app\main\default\classes\ImportController.cls","109","54","IfStmtsMustUseBraces","Avoid using if statements without curly braces","https://docs.pmd-code.org/pmd-doc-7.4.0/pmd_rules_apex_codestyle.html#ifstmtsmustusebraces","Code Style","pmd"
"69","3","3","C:\Users\Mark Meyer\Documents\mega-history\force-app\main\default\classes\ImportController.cls","109","54","IfElseStmtsMustUseBraces","Avoid using if...else statements without curly braces","https://docs.pmd-code.org/pmd-doc-7.4.0/pmd_rules_apex_codestyle.html#ifelsestmtsmustusebraces","Code Style","pmd"
"70","3","3","C:\Users\Mark Meyer\Documents\mega-history\force-app\main\default\classes\ImportController.cls","122","13","AvoidDebugStatements","Avoid debug statements since they impact on performance","https://docs.pmd-code.org/pmd-doc-7.4.0/pmd_rules_apex_performance.html#avoiddebugstatements","Performance","pmd"
"71","3","3","C:\Users\Mark Meyer\Documents\mega-history\force-app\main\default\classes\ImportController.cls","133","19","NcssMethodCount","The method 'generateHistoryRecords()' has an NCSS line count of 41 (limit: 40)","https://docs.pmd-code.org/pmd-doc-7.4.0/pmd_rules_apex_design.html#ncssmethodcount","Design","pmd"
"72","3","3","C:\Users\Mark Meyer\Documents\mega-history\force-app\main\default\classes\ImportController.cls","133","19","CyclomaticComplexity","The method 'generateHistoryRecords(String)' has a cyclomatic complexity of 18.","https://docs.pmd-code.org/pmd-doc-7.4.0/pmd_rules_apex_design.html#cyclomaticcomplexity","Design","pmd"
"73","3","3","C:\Users\Mark Meyer\Documents\mega-history\force-app\main\default\classes\ImportController.cls","137","13","AvoidDebugStatements","Avoid debug statements since they impact on performance","https://docs.pmd-code.org/pmd-doc-7.4.0/pmd_rules_apex_performance.html#avoiddebugstatements","Performance","pmd"
"74","3","3","C:\Users\Mark Meyer\Documents\mega-history\force-app\main\default\classes\ImportController.cls","137","13","DebugsShouldUseLoggingLevel","Calls to System.debug should specify a logging level.","https://docs.pmd-code.org/pmd-doc-7.4.0/pmd_rules_apex_bestpractices.html#debugsshoulduselogginglevel","Best Practices","pmd"
"75","3","3","C:\Users\Mark Meyer\Documents\mega-history\force-app\main\default\classes\ImportController.cls","140","17","AvoidDebugStatements","Avoid debug statements since they impact on performance","https://docs.pmd-code.org/pmd-doc-7.4.0/pmd_rules_apex_performance.html#avoiddebugstatements","Performance","pmd"
"76","3","3","C:\Users\Mark Meyer\Documents\mega-history\force-app\main\default\classes\ImportController.cls","140","17","DebugsShouldUseLoggingLevel","Calls to System.debug should specify a logging level.","https://docs.pmd-code.org/pmd-doc-7.4.0/pmd_rules_apex_bestpractices.html#debugsshoulduselogginglevel","Best Practices","pmd"
"77","3","3","C:\Users\Mark Meyer\Documents\mega-history\force-app\main\default\classes\ImportController.cls","143","21","AvoidDebugStatements","Avoid debug statements since they impact on performance","https://docs.pmd-code.org/pmd-doc-7.4.0/pmd_rules_apex_performance.html#avoiddebugstatements","Performance","pmd"
"78","3","3","C:\Users\Mark Meyer\Documents\mega-history\force-app\main\default\classes\ImportController.cls","143","21","DebugsShouldUseLoggingLevel","Calls to System.debug should specify a logging level.","https://docs.pmd-code.org/pmd-doc-7.4.0/pmd_rules_apex_bestpractices.html#debugsshoulduselogginglevel","Best Practices","pmd"
"79","3","3","C:\Users\Mark Meyer\Documents\mega-history\force-app\main\default\classes\ImportController.cls","155","16","EagerlyLoadedDescribeSObjectResult","DescribeSObjectResult could be being loaded eagerly with all child relationships.","https://docs.pmd-code.org/pmd-doc-7.4.0/pmd_rules_apex_performance.html#eagerlyloadeddescribesobjectresult","Performance","pmd"
"80","3","3","C:\Users\Mark Meyer\Documents\mega-history\force-app\main\default\classes\ImportController.cls","170","13","AvoidDebugStatements","Avoid debug statements since they impact on performance","https://docs.pmd-code.org/pmd-doc-7.4.0/pmd_rules_apex_performance.html#avoiddebugstatements","Performance","pmd"
"81","3","3","C:\Users\Mark Meyer\Documents\mega-history\force-app\main\default\classes\ImportControllerTest.cls","12","27","ApexUnitTestClassShouldHaveAsserts","Apex unit tests should System.assert() or assertEquals() or assertNotEquals()","https://docs.pmd-code.org/pmd-doc-7.4.0/pmd_rules_apex_bestpractices.html#apexunittestclassshouldhaveasserts","Best Practices","pmd"
"82","5","3","C:\Users\Mark Meyer\Documents\mega-history\force-app\main\default\classes\ImportControllerTest.cls","19","31","UnusedLocalVariable","Variable 'wrapper' defined but not used","https://docs.pmd-code.org/pmd-doc-7.4.0/pmd_rules_apex_bestpractices.html#unusedlocalvariable","Best Practices","pmd"
"83","5","3","C:\Users\Mark Meyer\Documents\mega-history\force-app\main\default\classes\ImportControllerTest.cls","20","30","UnusedLocalVariable","Variable 'objectDetails' defined but not used","https://docs.pmd-code.org/pmd-doc-7.4.0/pmd_rules_apex_bestpractices.html#unusedlocalvariable","Best Practices","pmd"
"84","5","3","C:\Users\Mark Meyer\Documents\mega-history\force-app\main\default\classes\ImportControllerTest.cls","22","30","UnusedLocalVariable","Variable 'results' defined but not used","https://docs.pmd-code.org/pmd-doc-7.4.0/pmd_rules_apex_bestpractices.html#unusedlocalvariable","Best Practices","pmd"
"85","3","3","C:\Users\Mark Meyer\Documents\mega-history\force-app\main\default\classes\MetadataService.cls","6","8","ExcessiveClassLength","Avoid really long classes.","https://docs.pmd-code.org/pmd-doc-7.4.0/pmd_rules_apex_design.html#excessiveclasslength","Design","pmd"
"86","3","3","C:\Users\Mark Meyer\Documents\mega-history\force-app\main\default\classes\MetadataService.cls","6","8","NcssTypeCount","The type has an NCSS line count of 799","https://docs.pmd-code.org/pmd-doc-7.4.0/pmd_rules_apex_design.html#ncsstypecount","Design","pmd"
"87","1","1","C:\Users\Mark Meyer\Documents\mega-history\force-app\main\default\classes\MetadataService.cls","15","26","FieldNamingConventions","The instance field name 'errors_type_info' doesn't match '[a-z][a-zA-Z0-9]*'","https://docs.pmd-code.org/pmd-doc-7.4.0/pmd_rules_apex_codestyle.html#fieldnamingconventions","Code Style","pmd"
"88","1","1","C:\Users\Mark Meyer\Documents\mega-history\force-app\main\default\classes\MetadataService.cls","16","26","FieldNamingConventions","The instance field name 'fullName_type_info' doesn't match '[a-z][a-zA-Z0-9]*'","https://docs.pmd-code.org/pmd-doc-7.4.0/pmd_rules_apex_codestyle.html#fieldnamingconventions","Code Style","pmd"
"89","1","1","C:\Users\Mark Meyer\Documents\mega-history\force-app\main\default\classes\MetadataService.cls","17","26","FieldNamingConventions","The instance field name 'success_type_info' doesn't match '[a-z][a-zA-Z0-9]*'","https://docs.pmd-code.org/pmd-doc-7.4.0/pmd_rules_apex_codestyle.html#fieldnamingconventions","Code Style","pmd"
"90","1","1","C:\Users\Mark Meyer\Documents\mega-history\force-app\main\default\classes\MetadataService.cls","18","26","FieldNamingConventions","The instance field name 'apex_schema_type_info' doesn't match '[a-z][a-zA-Z0-9]*'","https://docs.pmd-code.org/pmd-doc-7.4.0/pmd_rules_apex_codestyle.html#fieldnamingconventions","Code Style","pmd"
"91","1","1","C:\Users\Mark Meyer\Documents\mega-history\force-app\main\default\classes\MetadataService.cls","19","26","FieldNamingConventions","The instance field name 'field_order_type_info' doesn't match '[a-z][a-zA-Z0-9]*'","https://docs.pmd-code.org/pmd-doc-7.4.0/pmd_rules_apex_codestyle.html#fieldnamingconventions","Code Style","pmd"
"92","1","1","C:\Users\Mark Meyer\Documents\mega-history\force-app\main\default\classes\MetadataService.cls","27","26","FieldNamingConventions","The instance field name 'extendedErrorCode_type_info' doesn't match '[a-z][a-zA-Z0-9]*'","https://docs.pmd-code.org/pmd-doc-7.4.0/pmd_rules_apex_codestyle.html#fieldnamingconventions","Code Style","pmd"
"93","1","1","C:\Users\Mark Meyer\Documents\mega-history\force-app\main\default\classes\MetadataService.cls","28","26","FieldNamingConventions","The instance field name 'apex_schema_type_info' doesn't match '[a-z][a-zA-Z0-9]*'","https://docs.pmd-code.org/pmd-doc-7.4.0/pmd_rules_apex_codestyle.html#fieldnamingconventions","Code Style","pmd"
"94","1","1","C:\Users\Mark Meyer\Documents\mega-history\force-app\main\default\classes\MetadataService.cls","29","26","FieldNamingConventions","The instance field name 'field_order_type_info' doesn't match '[a-z][a-zA-Z0-9]*'","https://docs.pmd-code.org/pmd-doc-7.4.0/pmd_rules_apex_codestyle.html#fieldnamingconventions","Code Style","pmd"
"95","1","1","C:\Users\Mark Meyer\Documents\mega-history\force-app\main\default\classes\MetadataService.cls","40","26","FieldNamingConventions","The instance field name 'created_type_info' doesn't match '[a-z][a-zA-Z0-9]*'","https://docs.pmd-code.org/pmd-doc-7.4.0/pmd_rules_apex_codestyle.html#fieldnamingconventions","Code Style","pmd"
"96","1","1","C:\Users\Mark Meyer\Documents\mega-history\force-app\main\default\classes\MetadataService.cls","41","26","FieldNamingConventions","The instance field name 'errors_type_info' doesn't match '[a-z][a-zA-Z0-9]*'","https://docs.pmd-code.org/pmd-doc-7.4.0/pmd_rules_apex_codestyle.html#fieldnamingconventions","Code Style","pmd"
"97","1","1","C:\Users\Mark Meyer\Documents\mega-history\force-app\main\default\classes\MetadataService.cls","42","26","FieldNamingConventions","The instance field name 'fullName_type_info' doesn't match '[a-z][a-zA-Z0-9]*'","https://docs.pmd-code.org/pmd-doc-7.4.0/pmd_rules_apex_codestyle.html#fieldnamingconventions","Code Style","pmd"
"98","1","1","C:\Users\Mark Meyer\Documents\mega-history\force-app\main\default\classes\MetadataService.cls","43","26","FieldNamingConventions","The instance field name 'success_type_info' doesn't match '[a-z][a-zA-Z0-9]*'","https://docs.pmd-code.org/pmd-doc-7.4.0/pmd_rules_apex_codestyle.html#fieldnamingconventions","Code Style","pmd"
"99","1","1","C:\Users\Mark Meyer\Documents\mega-history\force-app\main\default\classes\MetadataService.cls","44","26","FieldNamingConventions","The instance field name 'apex_schema_type_info' doesn't match '[a-z][a-zA-Z0-9]*'","https://docs.pmd-code.org/pmd-doc-7.4.0/pmd_rules_apex_codestyle.html#fieldnamingconventions","Code Style","pmd"
"100","1","1","C:\Users\Mark Meyer\Documents\mega-history\force-app\main\default\classes\MetadataService.cls","45","26","FieldNamingConventions","The instance field name 'field_order_type_info' doesn't match '[a-z][a-zA-Z0-9]*'","https://docs.pmd-code.org/pmd-doc-7.4.0/pmd_rules_apex_codestyle.html#fieldnamingconventions","Code Style","pmd"
"101","1","1","C:\Users\Mark Meyer\Documents\mega-history\force-app\main\default\classes\MetadataService.cls","51","12","ClassNamingConventions","The inner class name 'retrieve_element' doesn't match '[A-Z][a-zA-Z0-9_]*'","https://docs.pmd-code.org/pmd-doc-7.4.0/pmd_rules_apex_codestyle.html#classnamingconventions","Code Style","pmd"
"102","1","1","C:\Users\Mark Meyer\Documents\mega-history\force-app\main\default\classes\MetadataService.cls","53","26","FieldNamingConventions","The instance field name 'retrieveRequest_type_info' doesn't match '[a-z][a-zA-Z0-9]*'","https://docs.pmd-code.org/pmd-doc-7.4.0/pmd_rules_apex_codestyle.html#fieldnamingconventions","Code Style","pmd"
"103","1","1","C:\Users\Mark Meyer\Documents\mega-history\force-app\main\default\classes\MetadataService.cls","54","26","FieldNamingConventions","The instance field name 'apex_schema_type_info' doesn't match '[a-z][a-zA-Z0-9]*'","https://docs.pmd-code.org/pmd-doc-7.4.0/pmd_rules_apex_codestyle.html#fieldnamingconventions","Code Style","pmd"
"104","1","1","C:\Users\Mark Meyer\Documents\mega-history\force-app\main\default\classes\MetadataService.cls","55","26","FieldNamingConventions","The instance field name 'field_order_type_info' doesn't match '[a-z][a-zA-Z0-9]*'","https://docs.pmd-code.org/pmd-doc-7.4.0/pmd_rules_apex_codestyle.html#fieldnamingconventions","Code Style","pmd"
"105","1","1","C:\Users\Mark Meyer\Documents\mega-history\force-app\main\default\classes\MetadataService.cls","67","26","FieldNamingConventions","The instance field name 'apiVersion_type_info' doesn't match '[a-z][a-zA-Z0-9]*'","https://docs.pmd-code.org/pmd-doc-7.4.0/pmd_rules_apex_codestyle.html#fieldnamingconventions","Code Style","pmd"
"106","1","1","C:\Users\Mark Meyer\Documents\mega-history\force-app\main\default\classes\MetadataService.cls","68","26","FieldNamingConventions","The instance field name 'packageNames_type_info' doesn't match '[a-z][a-zA-Z0-9]*'","https://docs.pmd-code.org/pmd-doc-7.4.0/pmd_rules_apex_codestyle.html#fieldnamingconventions","Code Style","pmd"
"107","1","1","C:\Users\Mark Meyer\Documents\mega-history\force-app\main\default\classes\MetadataService.cls","69","26","FieldNamingConventions","The instance field name 'singlePackage_type_info' doesn't match '[a-z][a-zA-Z0-9]*'","https://docs.pmd-code.org/pmd-doc-7.4.0/pmd_rules_apex_codestyle.html#fieldnamingconventions","Code Style","pmd"
"108","1","1","C:\Users\Mark Meyer\Documents\mega-history\force-app\main\default\classes\MetadataService.cls","70","26","FieldNamingConventions","The instance field name 'specificFiles_type_info' doesn't match '[a-z][a-zA-Z0-9]*'","https://docs.pmd-code.org/pmd-doc-7.4.0/pmd_rules_apex_codestyle.html#fieldnamingconventions","Code Style","pmd"
"109","1","1","C:\Users\Mark Meyer\Documents\mega-history\force-app\main\default\classes\MetadataService.cls","71","26","FieldNamingConventions","The instance field name 'unpackaged_type_info' doesn't match '[a-z][a-zA-Z0-9]*'","https://docs.pmd-code.org/pmd-doc-7.4.0/pmd_rules_apex_codestyle.html#fieldnamingconventions","Code Style","pmd"
"110","1","1","C:\Users\Mark Meyer\Documents\mega-history\force-app\main\default\classes\MetadataService.cls","72","26","FieldNamingConventions","The instance field name 'apex_schema_type_info' doesn't match '[a-z][a-zA-Z0-9]*'","https://docs.pmd-code.org/pmd-doc-7.4.0/pmd_rules_apex_codestyle.html#fieldnamingconventions","Code Style","pmd"
"111","1","1","C:\Users\Mark Meyer\Documents\mega-history\force-app\main\default\classes\MetadataService.cls","73","26","FieldNamingConventions","The instance field name 'field_order_type_info' doesn't match '[a-z][a-zA-Z0-9]*'","https://docs.pmd-code.org/pmd-doc-7.4.0/pmd_rules_apex_codestyle.html#fieldnamingconventions","Code Style","pmd"
"112","1","1","C:\Users\Mark Meyer\Documents\mega-history\force-app\main\default\classes\MetadataService.cls","83","26","FieldNamingConventions","The instance field name 'errors_type_info' doesn't match '[a-z][a-zA-Z0-9]*'","https://docs.pmd-code.org/pmd-doc-7.4.0/pmd_rules_apex_codestyle.html#fieldnamingconventions","Code Style","pmd"
"113","1","1","C:\Users\Mark Meyer\Documents\mega-history\force-app\main\default\classes\MetadataService.cls","84","26","FieldNamingConventions","The instance field name 'fullName_type_info' doesn't match '[a-z][a-zA-Z0-9]*'","https://docs.pmd-code.org/pmd-doc-7.4.0/pmd_rules_apex_codestyle.html#fieldnamingconventions","Code Style","pmd"
"114","1","1","C:\Users\Mark Meyer\Documents\mega-history\force-app\main\default\classes\MetadataService.cls","85","26","FieldNamingConventions","The instance field name 'success_type_info' doesn't match '[a-z][a-zA-Z0-9]*'","https://docs.pmd-code.org/pmd-doc-7.4.0/pmd_rules_apex_codestyle.html#fieldnamingconventions","Code Style","pmd"
"115","1","1","C:\Users\Mark Meyer\Documents\mega-history\force-app\main\default\classes\MetadataService.cls","86","26","FieldNamingConventions","The instance field name 'apex_schema_type_info' doesn't match '[a-z][a-zA-Z0-9]*'","https://docs.pmd-code.org/pmd-doc-7.4.0/pmd_rules_apex_codestyle.html#fieldnamingconventions","Code Style","pmd"
"116","1","1","C:\Users\Mark Meyer\Documents\mega-history\force-app\main\default\classes\MetadataService.cls","87","26","FieldNamingConventions","The instance field name 'field_order_type_info' doesn't match '[a-z][a-zA-Z0-9]*'","https://docs.pmd-code.org/pmd-doc-7.4.0/pmd_rules_apex_codestyle.html#fieldnamingconventions","Code Style","pmd"
"117","1","1","C:\Users\Mark Meyer\Documents\mega-history\force-app\main\default\classes\MetadataService.cls","97","26","FieldNamingConventions","The instance field name 'majorNumber_type_info' doesn't match '[a-z][a-zA-Z0-9]*'","https://docs.pmd-code.org/pmd-doc-7.4.0/pmd_rules_apex_codestyle.html#fieldnamingconventions","Code Style","pmd"
"118","1","1","C:\Users\Mark Meyer\Documents\mega-history\force-app\main\default\classes\MetadataService.cls","98","26","FieldNamingConventions","The instance field name 'minorNumber_type_info' doesn't match '[a-z][a-zA-Z0-9]*'","https://docs.pmd-code.org/pmd-doc-7.4.0/pmd_rules_apex_codestyle.html#fieldnamingconventions","Code Style","pmd"
"119","1","1","C:\Users\Mark Meyer\Documents\mega-history\force-app\main\default\classes\MetadataService.cls","99","26","FieldNamingConventions","The instance field name 'namespace_type_info' doesn't match '[a-z][a-zA-Z0-9]*'","https://docs.pmd-code.org/pmd-doc-7.4.0/pmd_rules_apex_codestyle.html#fieldnamingconventions","Code Style","pmd"
"120","1","1","C:\Users\Mark Meyer\Documents\mega-history\force-app\main\default\classes\MetadataService.cls","100","26","FieldNamingConventions","The instance field name 'apex_schema_type_info' doesn't match '[a-z][a-zA-Z0-9]*'","https://docs.pmd-code.org/pmd-doc-7.4.0/pmd_rules_apex_codestyle.html#fieldnamingconventions","Code Style","pmd"
"121","1","1","C:\Users\Mark Meyer\Documents\mega-history\force-app\main\default\classes\MetadataService.cls","101","26","FieldNamingConventions","The instance field name 'field_order_type_info' doesn't match '[a-z][a-zA-Z0-9]*'","https://docs.pmd-code.org/pmd-doc-7.4.0/pmd_rules_apex_codestyle.html#fieldnamingconventions","Code Style","pmd"
"122","1","1","C:\Users\Mark Meyer\Documents\mega-history\force-app\main\default\classes\MetadataService.cls","114","26","FieldNamingConventions","The instance field name 'childXmlNames_type_info' doesn't match '[a-z][a-zA-Z0-9]*'","https://docs.pmd-code.org/pmd-doc-7.4.0/pmd_rules_apex_codestyle.html#fieldnamingconventions","Code Style","pmd"
"123","1","1","C:\Users\Mark Meyer\Documents\mega-history\force-app\main\default\classes\MetadataService.cls","115","26","FieldNamingConventions","The instance field name 'directoryName_type_info' doesn't match '[a-z][a-zA-Z0-9]*'","https://docs.pmd-code.org/pmd-doc-7.4.0/pmd_rules_apex_codestyle.html#fieldnamingconventions","Code Style","pmd"
"124","1","1","C:\Users\Mark Meyer\Documents\mega-history\force-app\main\default\classes\MetadataService.cls","116","26","FieldNamingConventions","The instance field name 'inFolder_type_info' doesn't match '[a-z][a-zA-Z0-9]*'","https://docs.pmd-code.org/pmd-doc-7.4.0/pmd_rules_apex_codestyle.html#fieldnamingconventions","Code Style","pmd"
"125","1","1","C:\Users\Mark Meyer\Documents\mega-history\force-app\main\default\classes\MetadataService.cls","117","26","FieldNamingConventions","The instance field name 'metaFile_type_info' doesn't match '[a-z][a-zA-Z0-9]*'","https://docs.pmd-code.org/pmd-doc-7.4.0/pmd_rules_apex_codestyle.html#fieldnamingconventions","Code Style","pmd"
"126","1","1","C:\Users\Mark Meyer\Documents\mega-history\force-app\main\default\classes\MetadataService.cls","118","26","FieldNamingConventions","The instance field name 'suffix_type_info' doesn't match '[a-z][a-zA-Z0-9]*'","https://docs.pmd-code.org/pmd-doc-7.4.0/pmd_rules_apex_codestyle.html#fieldnamingconventions","Code Style","pmd"
"127","1","1","C:\Users\Mark Meyer\Documents\mega-history\force-app\main\default\classes\MetadataService.cls","119","26","FieldNamingConventions","The instance field name 'xmlName_type_info' doesn't match '[a-z][a-zA-Z0-9]*'","https://docs.pmd-code.org/pmd-doc-7.4.0/pmd_rules_apex_codestyle.html#fieldnamingconventions","Code Style","pmd"
"128","1","1","C:\Users\Mark Meyer\Documents\mega-history\force-app\main\default\classes\MetadataService.cls","120","26","FieldNamingConventions","The instance field name 'apex_schema_type_info' doesn't match '[a-z][a-zA-Z0-9]*'","https://docs.pmd-code.org/pmd-doc-7.4.0/pmd_rules_apex_codestyle.html#fieldnamingconventions","Code Style","pmd"
"129","1","1","C:\Users\Mark Meyer\Documents\mega-history\force-app\main\default\classes\MetadataService.cls","121","26","FieldNamingConventions","The instance field name 'field_order_type_info' doesn't match '[a-z][a-zA-Z0-9]*'","https://docs.pmd-code.org/pmd-doc-7.4.0/pmd_rules_apex_codestyle.html#fieldnamingconventions","Code Style","pmd"
"130","1","1","C:\Users\Mark Meyer\Documents\mega-history\force-app\main\default\classes\MetadataService.cls","129","26","FieldNamingConventions","The instance field name 'allOrNone_type_info' doesn't match '[a-z][a-zA-Z0-9]*'","https://docs.pmd-code.org/pmd-doc-7.4.0/pmd_rules_apex_codestyle.html#fieldnamingconventions","Code Style","pmd"
"131","1","1","C:\Users\Mark Meyer\Documents\mega-history\force-app\main\default\classes\MetadataService.cls","130","26","FieldNamingConventions","The instance field name 'apex_schema_type_info' doesn't match '[a-z][a-zA-Z0-9]*'","https://docs.pmd-code.org/pmd-doc-7.4.0/pmd_rules_apex_codestyle.html#fieldnamingconventions","Code Style","pmd"
"132","1","1","C:\Users\Mark Meyer\Documents\mega-history\force-app\main\default\classes\MetadataService.cls","131","26","FieldNamingConventions","The instance field name 'field_order_type_info' doesn't match '[a-z][a-zA-Z0-9]*'","https://docs.pmd-code.org/pmd-doc-7.4.0/pmd_rules_apex_codestyle.html#fieldnamingconventions","Code Style","pmd"
"133","1","1","C:\Users\Mark Meyer\Documents\mega-history\force-app\main\default\classes\MetadataService.cls","137","12","ClassNamingConventions","The inner class name 'listMetadata_element' doesn't match '[A-Z][a-zA-Z0-9_]*'","https://docs.pmd-code.org/pmd-doc-7.4.0/pmd_rules_apex_codestyle.html#classnamingconventions","Code Style","pmd"
"134","1","1","C:\Users\Mark Meyer\Documents\mega-history\force-app\main\default\classes\MetadataService.cls","140","26","FieldNamingConventions","The instance field name 'queries_type_info' doesn't match '[a-z][a-zA-Z0-9]*'","https://docs.pmd-code.org/pmd-doc-7.4.0/pmd_rules_apex_codestyle.html#fieldnamingconventions","Code Style","pmd"
"135","1","1","C:\Users\Mark Meyer\Documents\mega-history\force-app\main\default\classes\MetadataService.cls","141","26","FieldNamingConventions","The instance field name 'asOfVersion_type_info' doesn't match '[a-z][a-zA-Z0-9]*'","https://docs.pmd-code.org/pmd-doc-7.4.0/pmd_rules_apex_codestyle.html#fieldnamingconventions","Code Style","pmd"
"136","1","1","C:\Users\Mark Meyer\Documents\mega-history\force-app\main\default\classes\MetadataService.cls","142","26","FieldNamingConventions","The instance field name 'apex_schema_type_info' doesn't match '[a-z][a-zA-Z0-9]*'","https://docs.pmd-code.org/pmd-doc-7.4.0/pmd_rules_apex_codestyle.html#fieldnamingconventions","Code Style","pmd"
"137","1","1","C:\Users\Mark Meyer\Documents\mega-history\force-app\main\default\classes\MetadataService.cls","143","26","FieldNamingConventions","The instance field name 'field_order_type_info' doesn't match '[a-z][a-zA-Z0-9]*'","https://docs.pmd-code.org/pmd-doc-7.4.0/pmd_rules_apex_codestyle.html#fieldnamingconventions","Code Style","pmd"
"138","1","1","C:\Users\Mark Meyer\Documents\mega-history\force-app\main\default\classes\MetadataService.cls","152","26","FieldNamingConventions","The instance field name 'fullName_type_info' doesn't match '[a-z][a-zA-Z0-9]*'","https://docs.pmd-code.org/pmd-doc-7.4.0/pmd_rules_apex_codestyle.html#fieldnamingconventions","Code Style","pmd"
"139","1","1","C:\Users\Mark Meyer\Documents\mega-history\force-app\main\default\classes\MetadataService.cls","155","24","FieldNamingConventions","The instance field name 'protected_x' doesn't match '[a-z][a-zA-Z0-9]*'","https://docs.pmd-code.org/pmd-doc-7.4.0/pmd_rules_apex_codestyle.html#fieldnamingconventions","Code Style","pmd"
"140","1","1","C:\Users\Mark Meyer\Documents\mega-history\force-app\main\default\classes\MetadataService.cls","157","26","FieldNamingConventions","The instance field name 'description_type_info' doesn't match '[a-z][a-zA-Z0-9]*'","https://docs.pmd-code.org/pmd-doc-7.4.0/pmd_rules_apex_codestyle.html#fieldnamingconventions","Code Style","pmd"
"141","1","1","C:\Users\Mark Meyer\Documents\mega-history\force-app\main\default\classes\MetadataService.cls","158","26","FieldNamingConventions","The instance field name 'label_type_info' doesn't match '[a-z][a-zA-Z0-9]*'","https://docs.pmd-code.org/pmd-doc-7.4.0/pmd_rules_apex_codestyle.html#fieldnamingconventions","Code Style","pmd"
"142","1","1","C:\Users\Mark Meyer\Documents\mega-history\force-app\main\default\classes\MetadataService.cls","159","26","FieldNamingConventions","The instance field name 'protected_x_type_info' doesn't match '[a-z][a-zA-Z0-9]*'","https://docs.pmd-code.org/pmd-doc-7.4.0/pmd_rules_apex_codestyle.html#fieldnamingconventions","Code Style","pmd"
"143","1","1","C:\Users\Mark Meyer\Documents\mega-history\force-app\main\default\classes\MetadataService.cls","160","26","FieldNamingConventions","The instance field name 'values_type_info' doesn't match '[a-z][a-zA-Z0-9]*'","https://docs.pmd-code.org/pmd-doc-7.4.0/pmd_rules_apex_codestyle.html#fieldnamingconventions","Code Style","pmd"
"144","1","1","C:\Users\Mark Meyer\Documents\mega-history\force-app\main\default\classes\MetadataService.cls","161","26","FieldNamingConventions","The instance field name 'apex_schema_type_info' doesn't match '[a-z][a-zA-Z0-9]*'","https://docs.pmd-code.org/pmd-doc-7.4.0/pmd_rules_apex_codestyle.html#fieldnamingconventions","Code Style","pmd"
"145","1","1","C:\Users\Mark Meyer\Documents\mega-history\force-app\main\default\classes\MetadataService.cls","162","26","FieldNamingConventions","The instance field name 'type_att_info' doesn't match '[a-z][a-zA-Z0-9]*'","https://docs.pmd-code.org/pmd-doc-7.4.0/pmd_rules_apex_codestyle.html#fieldnamingconventions","Code Style","pmd"
"146","1","1","C:\Users\Mark Meyer\Documents\mega-history\force-app\main\default\classes\MetadataService.cls","163","26","FieldNamingConventions","The instance field name 'field_order_type_info' doesn't match '[a-z][a-zA-Z0-9]*'","https://docs.pmd-code.org/pmd-doc-7.4.0/pmd_rules_apex_codestyle.html#fieldnamingconventions","Code Style","pmd"
"147","1","1","C:\Users\Mark Meyer\Documents\mega-history\force-app\main\default\classes\MetadataService.cls","170","12","ClassNamingConventions","The inner class name 'deployResponse_element' doesn't match '[A-Z][a-zA-Z0-9_]*'","https://docs.pmd-code.org/pmd-doc-7.4.0/pmd_rules_apex_codestyle.html#classnamingconventions","Code Style","pmd"
"148","1","1","C:\Users\Mark Meyer\Documents\mega-history\force-app\main\default\classes\MetadataService.cls","172","26","FieldNamingConventions","The instance field name 'result_type_info' doesn't match '[a-z][a-zA-Z0-9]*'","https://docs.pmd-code.org/pmd-doc-7.4.0/pmd_rules_apex_codestyle.html#fieldnamingconventions","Code Style","pmd"
"149","1","1","C:\Users\Mark Meyer\Documents\mega-history\force-app\main\default\classes\MetadataService.cls","173","26","FieldNamingConventions","The instance field name 'apex_schema_type_info' doesn't match '[a-z][a-zA-Z0-9]*'","https://docs.pmd-code.org/pmd-doc-7.4.0/pmd_rules_apex_codestyle.html#fieldnamingconventions","Code Style","pmd"
"150","1","1","C:\Users\Mark Meyer\Documents\mega-history\force-app\main\default\classes\MetadataService.cls","174","26","FieldNamingConventions","The instance field name 'field_order_type_info' doesn't match '[a-z][a-zA-Z0-9]*'","https://docs.pmd-code.org/pmd-doc-7.4.0/pmd_rules_apex_codestyle.html#fieldnamingconventions","Code Style","pmd"
"151","1","1","C:\Users\Mark Meyer\Documents\mega-history\force-app\main\default\classes\MetadataService.cls","183","26","FieldNamingConventions","The instance field name 'fullName_type_info' doesn't match '[a-z][a-zA-Z0-9]*'","https://docs.pmd-code.org/pmd-doc-7.4.0/pmd_rules_apex_codestyle.html#fieldnamingconventions","Code Style","pmd"
"152","1","1","C:\Users\Mark Meyer\Documents\mega-history\force-app\main\default\classes\MetadataService.cls","185","26","FieldNamingConventions","The instance field name 'content_type_info' doesn't match '[a-z][a-zA-Z0-9]*'","https://docs.pmd-code.org/pmd-doc-7.4.0/pmd_rules_apex_codestyle.html#fieldnamingconventions","Code Style","pmd"
"153","1","1","C:\Users\Mark Meyer\Documents\mega-history\force-app\main\default\classes\MetadataService.cls","189","26","FieldNamingConventions","The instance field name 'apiVersion_type_info' doesn't match '[a-z][a-zA-Z0-9]*'","https://docs.pmd-code.org/pmd-doc-7.4.0/pmd_rules_apex_codestyle.html#fieldnamingconventions","Code Style","pmd"
"154","1","1","C:\Users\Mark Meyer\Documents\mega-history\force-app\main\default\classes\MetadataService.cls","190","26","FieldNamingConventions","The instance field name 'packageVersions_type_info' doesn't match '[a-z][a-zA-Z0-9]*'","https://docs.pmd-code.org/pmd-doc-7.4.0/pmd_rules_apex_codestyle.html#fieldnamingconventions","Code Style","pmd"
"155","1","1","C:\Users\Mark Meyer\Documents\mega-history\force-app\main\default\classes\MetadataService.cls","191","26","FieldNamingConventions","The instance field name 'status_type_info' doesn't match '[a-z][a-zA-Z0-9]*'","https://docs.pmd-code.org/pmd-doc-7.4.0/pmd_rules_apex_codestyle.html#fieldnamingconventions","Code Style","pmd"
"156","1","1","C:\Users\Mark Meyer\Documents\mega-history\force-app\main\default\classes\MetadataService.cls","192","26","FieldNamingConventions","The instance field name 'apex_schema_type_info' doesn't match '[a-z][a-zA-Z0-9]*'","https://docs.pmd-code.org/pmd-doc-7.4.0/pmd_rules_apex_codestyle.html#fieldnamingconventions","Code Style","pmd"
"157","1","1","C:\Users\Mark Meyer\Documents\mega-history\force-app\main\default\classes\MetadataService.cls","193","26","FieldNamingConventions","The instance field name 'type_att_info' doesn't match '[a-z][a-zA-Z0-9]*'","https://docs.pmd-code.org/pmd-doc-7.4.0/pmd_rules_apex_codestyle.html#fieldnamingconventions","Code Style","pmd"
"158","1","1","C:\Users\Mark Meyer\Documents\mega-history\force-app\main\default\classes\MetadataService.cls","194","26","FieldNamingConventions","The instance field name 'field_order_type_info' doesn't match '[a-z][a-zA-Z0-9]*'","https://docs.pmd-code.org/pmd-doc-7.4.0/pmd_rules_apex_codestyle.html#fieldnamingconventions","Code Style","pmd"
"159","1","1","C:\Users\Mark Meyer\Documents\mega-history\force-app\main\default\classes\MetadataService.cls","202","26","FieldNamingConventions","The instance field name 'debugLog_type_info' doesn't match '[a-z][a-zA-Z0-9]*'","https://docs.pmd-code.org/pmd-doc-7.4.0/pmd_rules_apex_codestyle.html#fieldnamingconventions","Code Style","pmd"
"160","1","1","C:\Users\Mark Meyer\Documents\mega-history\force-app\main\default\classes\MetadataService.cls","203","26","FieldNamingConventions","The instance field name 'apex_schema_type_info' doesn't match '[a-z][a-zA-Z0-9]*'","https://docs.pmd-code.org/pmd-doc-7.4.0/pmd_rules_apex_codestyle.html#fieldnamingconventions","Code Style","pmd"
"161","1","1","C:\Users\Mark Meyer\Documents\mega-history\force-app\main\default\classes\MetadataService.cls","204","26","FieldNamingConventions","The instance field name 'field_order_type_info' doesn't match '[a-z][a-zA-Z0-9]*'","https://docs.pmd-code.org/pmd-doc-7.4.0/pmd_rules_apex_codestyle.html#fieldnamingconventions","Code Style","pmd"
"162","3","3","C:\Users\Mark Meyer\Documents\mega-history\force-app\main\default\classes\MetadataService.cls","210","12","TooManyFields","Too many fields","https://docs.pmd-code.org/pmd-doc-7.4.0/pmd_rules_apex_design.html#toomanyfields","Design","pmd"
"163","1","1","C:\Users\Mark Meyer\Documents\mega-history\force-app\main\default\classes\MetadataService.cls","219","26","FieldNamingConventions","The instance field name 'apexLogId_type_info' doesn't match '[a-z][a-zA-Z0-9]*'","https://docs.pmd-code.org/pmd-doc-7.4.0/pmd_rules_apex_codestyle.html#fieldnamingconventions","Code Style","pmd"
"164","1","1","C:\Users\Mark Meyer\Documents\mega-history\force-app\main\default\classes\MetadataService.cls","220","26","FieldNamingConventions","The instance field name 'codeCoverage_type_info' doesn't match '[a-z][a-zA-Z0-9]*'","https://docs.pmd-code.org/pmd-doc-7.4.0/pmd_rules_apex_codestyle.html#fieldnamingconventions","Code Style","pmd"
"165","1","1","C:\Users\Mark Meyer\Documents\mega-history\force-app\main\default\classes\MetadataService.cls","221","26","FieldNamingConventions","The instance field name 'codeCoverageWarnings_type_info' doesn't match '[a-z][a-zA-Z0-9]*'","https://docs.pmd-code.org/pmd-doc-7.4.0/pmd_rules_apex_codestyle.html#fieldnamingconventions","Code Style","pmd"
"166","1","1","C:\Users\Mark Meyer\Documents\mega-history\force-app\main\default\classes\MetadataService.cls","222","26","FieldNamingConventions","The instance field name 'failures_type_info' doesn't match '[a-z][a-zA-Z0-9]*'","https://docs.pmd-code.org/pmd-doc-7.4.0/pmd_rules_apex_codestyle.html#fieldnamingconventions","Code Style","pmd"
"167","1","1","C:\Users\Mark Meyer\Documents\mega-history\force-app\main\default\classes\MetadataService.cls","223","26","FieldNamingConventions","The instance field name 'numFailures_type_info' doesn't match '[a-z][a-zA-Z0-9]*'","https://docs.pmd-code.org/pmd-doc-7.4.0/pmd_rules_apex_codestyle.html#fieldnamingconventions","Code Style","pmd"
"168","1","1","C:\Users\Mark Meyer\Documents\mega-history\force-app\main\default\classes\MetadataService.cls","224","26","FieldNamingConventions","The instance field name 'numTestsRun_type_info' doesn't match '[a-z][a-zA-Z0-9]*'","https://docs.pmd-code.org/pmd-doc-7.4.0/pmd_rules_apex_codestyle.html#fieldnamingconventions","Code Style","pmd"
"169","1","1","C:\Users\Mark Meyer\Documents\mega-history\force-app\main\default\classes\MetadataService.cls","225","26","FieldNamingConventions","The instance field name 'successes_type_info' doesn't match '[a-z][a-zA-Z0-9]*'","https://docs.pmd-code.org/pmd-doc-7.4.0/pmd_rules_apex_codestyle.html#fieldnamingconventions","Code Style","pmd"
"170","1","1","C:\Users\Mark Meyer\Documents\mega-history\force-app\main\default\classes\MetadataService.cls","226","26","FieldNamingConventions","The instance field name 'totalTime_type_info' doesn't match '[a-z][a-zA-Z0-9]*'","https://docs.pmd-code.org/pmd-doc-7.4.0/pmd_rules_apex_codestyle.html#fieldnamingconventions","Code Style","pmd"
"171","1","1","C:\Users\Mark Meyer\Documents\mega-history\force-app\main\default\classes\MetadataService.cls","227","26","FieldNamingConventions","The instance field name 'apex_schema_type_info' doesn't match '[a-z][a-zA-Z0-9]*'","https://docs.pmd-code.org/pmd-doc-7.4.0/pmd_rules_apex_codestyle.html#fieldnamingconventions","Code Style","pmd"
"172","1","1","C:\Users\Mark Meyer\Documents\mega-history\force-app\main\default\classes\MetadataService.cls","228","26","FieldNamingConventions","The instance field name 'field_order_type_info' doesn't match '[a-z][a-zA-Z0-9]*'","https://docs.pmd-code.org/pmd-doc-7.4.0/pmd_rules_apex_codestyle.html#fieldnamingconventions","Code Style","pmd"
"173","1","1","C:\Users\Mark Meyer\Documents\mega-history\force-app\main\default\classes\MetadataService.cls","239","26","FieldNamingConventions","The instance field name 'componentFailures_type_info' doesn't match '[a-z][a-zA-Z0-9]*'","https://docs.pmd-code.org/pmd-doc-7.4.0/pmd_rules_apex_codestyle.html#fieldnamingconventions","Code Style","pmd"
"174","1","1","C:\Users\Mark Meyer\Documents\mega-history\force-app\main\default\classes\MetadataService.cls","240","26","FieldNamingConventions","The instance field name 'componentSuccesses_type_info' doesn't match '[a-z][a-zA-Z0-9]*'","https://docs.pmd-code.org/pmd-doc-7.4.0/pmd_rules_apex_codestyle.html#fieldnamingconventions","Code Style","pmd"
"175","1","1","C:\Users\Mark Meyer\Documents\mega-history\force-app\main\default\classes\MetadataService.cls","241","26","FieldNamingConventions","The instance field name 'retrieveResult_type_info' doesn't match '[a-z][a-zA-Z0-9]*'","https://docs.pmd-code.org/pmd-doc-7.4.0/pmd_rules_apex_codestyle.html#fieldnamingconventions","Code Style","pmd"
"176","1","1","C:\Users\Mark Meyer\Documents\mega-history\force-app\main\default\classes\MetadataService.cls","242","26","FieldNamingConventions","The instance field name 'runTestResult_type_info' doesn't match '[a-z][a-zA-Z0-9]*'","https://docs.pmd-code.org/pmd-doc-7.4.0/pmd_rules_apex_codestyle.html#fieldnamingconventions","Code Style","pmd"
"177","1","1","C:\Users\Mark Meyer\Documents\mega-history\force-app\main\default\classes\MetadataService.cls","243","26","FieldNamingConventions","The instance field name 'apex_schema_type_info' doesn't match '[a-z][a-zA-Z0-9]*'","https://docs.pmd-code.org/pmd-doc-7.4.0/pmd_rules_apex_codestyle.html#fieldnamingconventions","Code Style","pmd"
"178","1","1","C:\Users\Mark Meyer\Documents\mega-history\force-app\main\default\classes\MetadataService.cls","244","26","FieldNamingConventions","The instance field name 'field_order_type_info' doesn't match '[a-z][a-zA-Z0-9]*'","https://docs.pmd-code.org/pmd-doc-7.4.0/pmd_rules_apex_codestyle.html#fieldnamingconventions","Code Style","pmd"
"179","1","1","C:\Users\Mark Meyer\Documents\mega-history\force-app\main\default\classes\MetadataService.cls","252","26","FieldNamingConventions","The instance field name 'sessionId_type_info' doesn't match '[a-z][a-zA-Z0-9]*'","https://docs.pmd-code.org/pmd-doc-7.4.0/pmd_rules_apex_codestyle.html#fieldnamingconventions","Code Style","pmd"
"180","1","1","C:\Users\Mark Meyer\Documents\mega-history\force-app\main\default\classes\MetadataService.cls","253","26","FieldNamingConventions","The instance field name 'apex_schema_type_info' doesn't match '[a-z][a-zA-Z0-9]*'","https://docs.pmd-code.org/pmd-doc-7.4.0/pmd_rules_apex_codestyle.html#fieldnamingconventions","Code Style","pmd"
"181","1","1","C:\Users\Mark Meyer\Documents\mega-history\force-app\main\default\classes\MetadataService.cls","254","26","FieldNamingConventions","The instance field name 'field_order_type_info' doesn't match '[a-z][a-zA-Z0-9]*'","https://docs.pmd-code.org/pmd-doc-7.4.0/pmd_rules_apex_codestyle.html#fieldnamingconventions","Code Style","pmd"
"182","1","1","C:\Users\Mark Meyer\Documents\mega-history\force-app\main\default\classes\MetadataService.cls","260","12","ClassNamingConventions","The inner class name 'deployRecentValidationResponse_element' doesn't match '[A-Z][a-zA-Z0-9_]*'","https://docs.pmd-code.org/pmd-doc-7.4.0/pmd_rules_apex_codestyle.html#classnamingconventions","Code Style","pmd"
"183","1","1","C:\Users\Mark Meyer\Documents\mega-history\force-app\main\default\classes\MetadataService.cls","262","26","FieldNamingConventions","The instance field name 'result_type_info' doesn't match '[a-z][a-zA-Z0-9]*'","https://docs.pmd-code.org/pmd-doc-7.4.0/pmd_rules_apex_codestyle.html#fieldnamingconventions","Code Style","pmd"
"184","1","1","C:\Users\Mark Meyer\Documents\mega-history\force-app\main\default\classes\MetadataService.cls","263","26","FieldNamingConventions","The instance field name 'apex_schema_type_info' doesn't match '[a-z][a-zA-Z0-9]*'","https://docs.pmd-code.org/pmd-doc-7.4.0/pmd_rules_apex_codestyle.html#fieldnamingconventions","Code Style","pmd"
"185","1","1","C:\Users\Mark Meyer\Documents\mega-history\force-app\main\default\classes\MetadataService.cls","264","26","FieldNamingConventions","The instance field name 'field_order_type_info' doesn't match '[a-z][a-zA-Z0-9]*'","https://docs.pmd-code.org/pmd-doc-7.4.0/pmd_rules_apex_codestyle.html#fieldnamingconventions","Code Style","pmd"
"186","1","1","C:\Users\Mark Meyer\Documents\mega-history\force-app\main\default\classes\MetadataService.cls","270","12","ClassNamingConventions","The inner class name 'deployRecentValidation_element' doesn't match '[A-Z][a-zA-Z0-9_]*'","https://docs.pmd-code.org/pmd-doc-7.4.0/pmd_rules_apex_codestyle.html#classnamingconventions","Code Style","pmd"
"187","1","1","C:\Users\Mark Meyer\Documents\mega-history\force-app\main\default\classes\MetadataService.cls","272","26","FieldNamingConventions","The instance field name 'validationId_type_info' doesn't match '[a-z][a-zA-Z0-9]*'","https://docs.pmd-code.org/pmd-doc-7.4.0/pmd_rules_apex_codestyle.html#fieldnamingconventions","Code Style","pmd"
"188","1","1","C:\Users\Mark Meyer\Documents\mega-history\force-app\main\default\classes\MetadataService.cls","273","26","FieldNamingConventions","The instance field name 'apex_schema_type_info' doesn't match '[a-z][a-zA-Z0-9]*'","https://docs.pmd-code.org/pmd-doc-7.4.0/pmd_rules_apex_codestyle.html#fieldnamingconventions","Code Style","pmd"
"189","1","1","C:\Users\Mark Meyer\Documents\mega-history\force-app\main\default\classes\MetadataService.cls","274","26","FieldNamingConventions","The instance field name 'field_order_type_info' doesn't match '[a-z][a-zA-Z0-9]*'","https://docs.pmd-code.org/pmd-doc-7.4.0/pmd_rules_apex_codestyle.html#fieldnamingconventions","Code Style","pmd"
"190","3","3","C:\Users\Mark Meyer\Documents\mega-history\force-app\main\default\classes\MetadataService.cls","280","12","TooManyFields","Too many fields","https://docs.pmd-code.org/pmd-doc-7.4.0/pmd_rules_apex_design.html#toomanyfields","Design","pmd"
"191","1","1","C:\Users\Mark Meyer\Documents\mega-history\force-app\main\default\classes\MetadataService.cls","291","26","FieldNamingConventions","The instance field name 'allowMissingFiles_type_info' doesn't match '[a-z][a-zA-Z0-9]*'","https://docs.pmd-code.org/pmd-doc-7.4.0/pmd_rules_apex_codestyle.html#fieldnamingconventions","Code Style","pmd"
"192","1","1","C:\Users\Mark Meyer\Documents\mega-history\force-app\main\default\classes\MetadataService.cls","292","26","FieldNamingConventions","The instance field name 'autoUpdatePackage_type_info' doesn't match '[a-z][a-zA-Z0-9]*'","https://docs.pmd-code.org/pmd-doc-7.4.0/pmd_rules_apex_codestyle.html#fieldnamingconventions","Code Style","pmd"
"193","1","1","C:\Users\Mark Meyer\Documents\mega-history\force-app\main\default\classes\MetadataService.cls","293","26","FieldNamingConventions","The instance field name 'checkOnly_type_info' doesn't match '[a-z][a-zA-Z0-9]*'","https://docs.pmd-code.org/pmd-doc-7.4.0/pmd_rules_apex_codestyle.html#fieldnamingconventions","Code Style","pmd"
"194","1","1","C:\Users\Mark Meyer\Documents\mega-history\force-app\main\default\classes\MetadataService.cls","294","26","FieldNamingConventions","The instance field name 'ignoreWarnings_type_info' doesn't match '[a-z][a-zA-Z0-9]*'","https://docs.pmd-code.org/pmd-doc-7.4.0/pmd_rules_apex_codestyle.html#fieldnamingconventions","Code Style","pmd"
"195","1","1","C:\Users\Mark Meyer\Documents\mega-history\force-app\main\default\classes\MetadataService.cls","295","26","FieldNamingConventions","The instance field name 'performRetrieve_type_info' doesn't match '[a-z][a-zA-Z0-9]*'","https://docs.pmd-code.org/pmd-doc-7.4.0/pmd_rules_apex_codestyle.html#fieldnamingconventions","Code Style","pmd"
"196","1","1","C:\Users\Mark Meyer\Documents\mega-history\force-app\main\default\classes\MetadataService.cls","296","26","FieldNamingConventions","The instance field name 'purgeOnDelete_type_info' doesn't match '[a-z][a-zA-Z0-9]*'","https://docs.pmd-code.org/pmd-doc-7.4.0/pmd_rules_apex_codestyle.html#fieldnamingconventions","Code Style","pmd"
"197","1","1","C:\Users\Mark Meyer\Documents\mega-history\force-app\main\default\classes\MetadataService.cls","297","26","FieldNamingConventions","The instance field name 'rollbackOnError_type_info' doesn't match '[a-z][a-zA-Z0-9]*'","https://docs.pmd-code.org/pmd-doc-7.4.0/pmd_rules_apex_codestyle.html#fieldnamingconventions","Code Style","pmd"
"198","1","1","C:\Users\Mark Meyer\Documents\mega-history\force-app\main\default\classes\MetadataService.cls","298","26","FieldNamingConventions","The instance field name 'runTests_type_info' doesn't match '[a-z][a-zA-Z0-9]*'","https://docs.pmd-code.org/pmd-doc-7.4.0/pmd_rules_apex_codestyle.html#fieldnamingconventions","Code Style","pmd"
"199","1","1","C:\Users\Mark Meyer\Documents\mega-history\force-app\main\default\classes\MetadataService.cls","299","26","FieldNamingConventions","The instance field name 'singlePackage_type_info' doesn't match '[a-z][a-zA-Z0-9]*'","https://docs.pmd-code.org/pmd-doc-7.4.0/pmd_rules_apex_codestyle.html#fieldnamingconventions","Code Style","pmd"
"200","1","1","C:\Users\Mark Meyer\Documents\mega-history\force-app\main\default\classes\MetadataService.cls","300","26","FieldNamingConventions","The instance field name 'testLevel_type_info' doesn't match '[a-z][a-zA-Z0-9]*'","https://docs.pmd-code.org/pmd-doc-7.4.0/pmd_rules_apex_codestyle.html#fieldnamingconventions","Code Style","pmd"
"201","1","1","C:\Users\Mark Meyer\Documents\mega-history\force-app\main\default\classes\MetadataService.cls","301","26","FieldNamingConventions","The instance field name 'apex_schema_type_info' doesn't match '[a-z][a-zA-Z0-9]*'","https://docs.pmd-code.org/pmd-doc-7.4.0/pmd_rules_apex_codestyle.html#fieldnamingconventions","Code Style","pmd"
"202","1","1","C:\Users\Mark Meyer\Documents\mega-history\force-app\main\default\classes\MetadataService.cls","302","26","FieldNamingConventions","The instance field name 'field_order_type_info' doesn't match '[a-z][a-zA-Z0-9]*'","https://docs.pmd-code.org/pmd-doc-7.4.0/pmd_rules_apex_codestyle.html#fieldnamingconventions","Code Style","pmd"
"203","1","1","C:\Users\Mark Meyer\Documents\mega-history\force-app\main\default\classes\MetadataService.cls","311","26","FieldNamingConventions","The instance field name 'field_type_info' doesn't match '[a-z][a-zA-Z0-9]*'","https://docs.pmd-code.org/pmd-doc-7.4.0/pmd_rules_apex_codestyle.html#fieldnamingconventions","Code Style","pmd"
"204","1","1","C:\Users\Mark Meyer\Documents\mega-history\force-app\main\default\classes\MetadataService.cls","312","26","FieldNamingConventions","The instance field name 'value_type_info' doesn't match '[a-z][a-zA-Z0-9]*'","https://docs.pmd-code.org/pmd-doc-7.4.0/pmd_rules_apex_codestyle.html#fieldnamingconventions","Code Style","pmd"
"205","1","1","C:\Users\Mark Meyer\Documents\mega-history\force-app\main\default\classes\MetadataService.cls","313","26","FieldNamingConventions","The instance field name 'apex_schema_type_info' doesn't match '[a-z][a-zA-Z0-9]*'","https://docs.pmd-code.org/pmd-doc-7.4.0/pmd_rules_apex_codestyle.html#fieldnamingconventions","Code Style","pmd"
"206","1","1","C:\Users\Mark Meyer\Documents\mega-history\force-app\main\default\classes\MetadataService.cls","314","26","FieldNamingConventions","The instance field name 'field_order_type_info' doesn't match '[a-z][a-zA-Z0-9]*'","https://docs.pmd-code.org/pmd-doc-7.4.0/pmd_rules_apex_codestyle.html#fieldnamingconventions","Code Style","pmd"
"207","1","1","C:\Users\Mark Meyer\Documents\mega-history\force-app\main\default\classes\MetadataService.cls","326","26","FieldNamingConventions","The instance field name 'done_type_info' doesn't match '[a-z][a-zA-Z0-9]*'","https://docs.pmd-code.org/pmd-doc-7.4.0/pmd_rules_apex_codestyle.html#fieldnamingconventions","Code Style","pmd"
"208","1","1","C:\Users\Mark Meyer\Documents\mega-history\force-app\main\default\classes\MetadataService.cls","327","26","FieldNamingConventions","The instance field name 'id_type_info' doesn't match '[a-z][a-zA-Z0-9]*'","https://docs.pmd-code.org/pmd-doc-7.4.0/pmd_rules_apex_codestyle.html#fieldnamingconventions","Code Style","pmd"
"209","1","1","C:\Users\Mark Meyer\Documents\mega-history\force-app\main\default\classes\MetadataService.cls","328","26","FieldNamingConventions","The instance field name 'message_type_info' doesn't match '[a-z][a-zA-Z0-9]*'","https://docs.pmd-code.org/pmd-doc-7.4.0/pmd_rules_apex_codestyle.html#fieldnamingconventions","Code Style","pmd"
"210","1","1","C:\Users\Mark Meyer\Documents\mega-history\force-app\main\default\classes\MetadataService.cls","329","26","FieldNamingConventions","The instance field name 'state_type_info' doesn't match '[a-z][a-zA-Z0-9]*'","https://docs.pmd-code.org/pmd-doc-7.4.0/pmd_rules_apex_codestyle.html#fieldnamingconventions","Code Style","pmd"
"211","1","1","C:\Users\Mark Meyer\Documents\mega-history\force-app\main\default\classes\MetadataService.cls","330","26","FieldNamingConventions","The instance field name 'statusCode_type_info' doesn't match '[a-z][a-zA-Z0-9]*'","https://docs.pmd-code.org/pmd-doc-7.4.0/pmd_rules_apex_codestyle.html#fieldnamingconventions","Code Style","pmd"
"212","1","1","C:\Users\Mark Meyer\Documents\mega-history\force-app\main\default\classes\MetadataService.cls","331","26","FieldNamingConventions","The instance field name 'apex_schema_type_info' doesn't match '[a-z][a-zA-Z0-9]*'","https://docs.pmd-code.org/pmd-doc-7.4.0/pmd_rules_apex_codestyle.html#fieldnamingconventions","Code Style","pmd"
"213","1","1","C:\Users\Mark Meyer\Documents\mega-history\force-app\main\default\classes\MetadataService.cls","332","26","FieldNamingConventions","The instance field name 'field_order_type_info' doesn't match '[a-z][a-zA-Z0-9]*'","https://docs.pmd-code.org/pmd-doc-7.4.0/pmd_rules_apex_codestyle.html#fieldnamingconventions","Code Style","pmd"
"214","1","1","C:\Users\Mark Meyer\Documents\mega-history\force-app\main\default\classes\MetadataService.cls","338","12","ClassNamingConventions","The inner class name 'checkRetrieveStatusResponse_element' doesn't match '[A-Z][a-zA-Z0-9_]*'","https://docs.pmd-code.org/pmd-doc-7.4.0/pmd_rules_apex_codestyle.html#classnamingconventions","Code Style","pmd"
"215","1","1","C:\Users\Mark Meyer\Documents\mega-history\force-app\main\default\classes\MetadataService.cls","340","26","FieldNamingConventions","The instance field name 'result_type_info' doesn't match '[a-z][a-zA-Z0-9]*'","https://docs.pmd-code.org/pmd-doc-7.4.0/pmd_rules_apex_codestyle.html#fieldnamingconventions","Code Style","pmd"
"216","1","1","C:\Users\Mark Meyer\Documents\mega-history\force-app\main\default\classes\MetadataService.cls","341","26","FieldNamingConventions","The instance field name 'apex_schema_type_info' doesn't match '[a-z][a-zA-Z0-9]*'","https://docs.pmd-code.org/pmd-doc-7.4.0/pmd_rules_apex_codestyle.html#fieldnamingconventions","Code Style","pmd"
"217","1","1","C:\Users\Mark Meyer\Documents\mega-history\force-app\main\default\classes\MetadataService.cls","342","26","FieldNamingConventions","The instance field name 'field_order_type_info' doesn't match '[a-z][a-zA-Z0-9]*'","https://docs.pmd-code.org/pmd-doc-7.4.0/pmd_rules_apex_codestyle.html#fieldnamingconventions","Code Style","pmd"
"218","1","1","C:\Users\Mark Meyer\Documents\mega-history\force-app\main\default\classes\MetadataService.cls","348","12","ClassNamingConventions","The inner class name 'retrieveResponse_element' doesn't match '[A-Z][a-zA-Z0-9_]*'","https://docs.pmd-code.org/pmd-doc-7.4.0/pmd_rules_apex_codestyle.html#classnamingconventions","Code Style","pmd"
"219","1","1","C:\Users\Mark Meyer\Documents\mega-history\force-app\main\default\classes\MetadataService.cls","350","26","FieldNamingConventions","The instance field name 'result_type_info' doesn't match '[a-z][a-zA-Z0-9]*'","https://docs.pmd-code.org/pmd-doc-7.4.0/pmd_rules_apex_codestyle.html#fieldnamingconventions","Code Style","pmd"
"220","1","1","C:\Users\Mark Meyer\Documents\mega-history\force-app\main\default\classes\MetadataService.cls","351","26","FieldNamingConventions","The instance field name 'apex_schema_type_info' doesn't match '[a-z][a-zA-Z0-9]*'","https://docs.pmd-code.org/pmd-doc-7.4.0/pmd_rules_apex_codestyle.html#fieldnamingconventions","Code Style","pmd"
"221","1","1","C:\Users\Mark Meyer\Documents\mega-history\force-app\main\default\classes\MetadataService.cls","352","26","FieldNamingConventions","The instance field name 'field_order_type_info' doesn't match '[a-z][a-zA-Z0-9]*'","https://docs.pmd-code.org/pmd-doc-7.4.0/pmd_rules_apex_codestyle.html#fieldnamingconventions","Code Style","pmd"
"222","1","1","C:\Users\Mark Meyer\Documents\mega-history\force-app\main\default\classes\MetadataService.cls","358","12","ClassNamingConventions","The inner class name 'upsertMetadataResponse_element' doesn't match '[A-Z][a-zA-Z0-9_]*'","https://docs.pmd-code.org/pmd-doc-7.4.0/pmd_rules_apex_codestyle.html#classnamingconventions","Code Style","pmd"
"223","1","1","C:\Users\Mark Meyer\Documents\mega-history\force-app\main\default\classes\MetadataService.cls","360","26","FieldNamingConventions","The instance field name 'result_type_info' doesn't match '[a-z][a-zA-Z0-9]*'","https://docs.pmd-code.org/pmd-doc-7.4.0/pmd_rules_apex_codestyle.html#fieldnamingconventions","Code Style","pmd"
"224","1","1","C:\Users\Mark Meyer\Documents\mega-history\force-app\main\default\classes\MetadataService.cls","361","26","FieldNamingConventions","The instance field name 'apex_schema_type_info' doesn't match '[a-z][a-zA-Z0-9]*'","https://docs.pmd-code.org/pmd-doc-7.4.0/pmd_rules_apex_codestyle.html#fieldnamingconventions","Code Style","pmd"
"225","1","1","C:\Users\Mark Meyer\Documents\mega-history\force-app\main\default\classes\MetadataService.cls","362","26","FieldNamingConventions","The instance field name 'field_order_type_info' doesn't match '[a-z][a-zA-Z0-9]*'","https://docs.pmd-code.org/pmd-doc-7.4.0/pmd_rules_apex_codestyle.html#fieldnamingconventions","Code Style","pmd"
"226","3","3","C:\Users\Mark Meyer\Documents\mega-history\force-app\main\default\classes\MetadataService.cls","368","12","TooManyFields","Too many fields","https://docs.pmd-code.org/pmd-doc-7.4.0/pmd_rules_apex_design.html#toomanyfields","Design","pmd"
"227","1","1","C:\Users\Mark Meyer\Documents\mega-history\force-app\main\default\classes\MetadataService.cls","377","23","FieldNamingConventions","The instance field name 'time_x' doesn't match '[a-z][a-zA-Z0-9]*'","https://docs.pmd-code.org/pmd-doc-7.4.0/pmd_rules_apex_codestyle.html#fieldnamingconventions","Code Style","pmd"
"228","1","1","C:\Users\Mark Meyer\Documents\mega-history\force-app\main\default\classes\MetadataService.cls","378","23","FieldNamingConventions","The instance field name 'type_x' doesn't match '[a-z][a-zA-Z0-9]*'","https://docs.pmd-code.org/pmd-doc-7.4.0/pmd_rules_apex_codestyle.html#fieldnamingconventions","Code Style","pmd"
"229","1","1","C:\Users\Mark Meyer\Documents\mega-history\force-app\main\default\classes\MetadataService.cls","379","26","FieldNamingConventions","The instance field name 'id_type_info' doesn't match '[a-z][a-zA-Z0-9]*'","https://docs.pmd-code.org/pmd-doc-7.4.0/pmd_rules_apex_codestyle.html#fieldnamingconventions","Code Style","pmd"
"230","1","1","C:\Users\Mark Meyer\Documents\mega-history\force-app\main\default\classes\MetadataService.cls","380","26","FieldNamingConventions","The instance field name 'message_type_info' doesn't match '[a-z][a-zA-Z0-9]*'","https://docs.pmd-code.org/pmd-doc-7.4.0/pmd_rules_apex_codestyle.html#fieldnamingconventions","Code Style","pmd"
"231","1","1","C:\Users\Mark Meyer\Documents\mega-history\force-app\main\default\classes\MetadataService.cls","381","26","FieldNamingConventions","The instance field name 'methodName_type_info' doesn't match '[a-z][a-zA-Z0-9]*'","https://docs.pmd-code.org/pmd-doc-7.4.0/pmd_rules_apex_codestyle.html#fieldnamingconventions","Code Style","pmd"
"232","1","1","C:\Users\Mark Meyer\Documents\mega-history\force-app\main\default\classes\MetadataService.cls","382","26","FieldNamingConventions","The instance field name 'name_type_info' doesn't match '[a-z][a-zA-Z0-9]*'","https://docs.pmd-code.org/pmd-doc-7.4.0/pmd_rules_apex_codestyle.html#fieldnamingconventions","Code Style","pmd"
"233","1","1","C:\Users\Mark Meyer\Documents\mega-history\force-app\main\default\classes\MetadataService.cls","383","26","FieldNamingConventions","The instance field name 'namespace_type_info' doesn't match '[a-z][a-zA-Z0-9]*'","https://docs.pmd-code.org/pmd-doc-7.4.0/pmd_rules_apex_codestyle.html#fieldnamingconventions","Code Style","pmd"
"234","1","1","C:\Users\Mark Meyer\Documents\mega-history\force-app\main\default\classes\MetadataService.cls","384","26","FieldNamingConventions","The instance field name 'packageName_type_info' doesn't match '[a-z][a-zA-Z0-9]*'","https://docs.pmd-code.org/pmd-doc-7.4.0/pmd_rules_apex_codestyle.html#fieldnamingconventions","Code Style","pmd"
"235","1","1","C:\Users\Mark Meyer\Documents\mega-history\force-app\main\default\classes\MetadataService.cls","385","26","FieldNamingConventions","The instance field name 'seeAllData_type_info' doesn't match '[a-z][a-zA-Z0-9]*'","https://docs.pmd-code.org/pmd-doc-7.4.0/pmd_rules_apex_codestyle.html#fieldnamingconventions","Code Style","pmd"
"236","1","1","C:\Users\Mark Meyer\Documents\mega-history\force-app\main\default\classes\MetadataService.cls","386","26","FieldNamingConventions","The instance field name 'stackTrace_type_info' doesn't match '[a-z][a-zA-Z0-9]*'","https://docs.pmd-code.org/pmd-doc-7.4.0/pmd_rules_apex_codestyle.html#fieldnamingconventions","Code Style","pmd"
"237","1","1","C:\Users\Mark Meyer\Documents\mega-history\force-app\main\default\classes\MetadataService.cls","387","26","FieldNamingConventions","The instance field name 'time_x_type_info' doesn't match '[a-z][a-zA-Z0-9]*'","https://docs.pmd-code.org/pmd-doc-7.4.0/pmd_rules_apex_codestyle.html#fieldnamingconventions","Code Style","pmd"
"238","1","1","C:\Users\Mark Meyer\Documents\mega-history\force-app\main\default\classes\MetadataService.cls","388","26","FieldNamingConventions","The instance field name 'type_x_type_info' doesn't match '[a-z][a-zA-Z0-9]*'","https://docs.pmd-code.org/pmd-doc-7.4.0/pmd_rules_apex_codestyle.html#fieldnamingconventions","Code Style","pmd"
"239","1","1","C:\Users\Mark Meyer\Documents\mega-history\force-app\main\default\classes\MetadataService.cls","389","26","FieldNamingConventions","The instance field name 'apex_schema_type_info' doesn't match '[a-z][a-zA-Z0-9]*'","https://docs.pmd-code.org/pmd-doc-7.4.0/pmd_rules_apex_codestyle.html#fieldnamingconventions","Code Style","pmd"
"240","1","1","C:\Users\Mark Meyer\Documents\mega-history\force-app\main\default\classes\MetadataService.cls","390","26","FieldNamingConventions","The instance field name 'field_order_type_info' doesn't match '[a-z][a-zA-Z0-9]*'","https://docs.pmd-code.org/pmd-doc-7.4.0/pmd_rules_apex_codestyle.html#fieldnamingconventions","Code Style","pmd"
"241","1","1","C:\Users\Mark Meyer\Documents\mega-history\force-app\main\default\classes\MetadataService.cls","401","26","FieldNamingConventions","The instance field name 'extendedErrorDetails_type_info' doesn't match '[a-z][a-zA-Z0-9]*'","https://docs.pmd-code.org/pmd-doc-7.4.0/pmd_rules_apex_codestyle.html#fieldnamingconventions","Code Style","pmd"
"242","1","1","C:\Users\Mark Meyer\Documents\mega-history\force-app\main\default\classes\MetadataService.cls","402","26","FieldNamingConventions","The instance field name 'fields_type_info' doesn't match '[a-z][a-zA-Z0-9]*'","https://docs.pmd-code.org/pmd-doc-7.4.0/pmd_rules_apex_codestyle.html#fieldnamingconventions","Code Style","pmd"
"243","1","1","C:\Users\Mark Meyer\Documents\mega-history\force-app\main\default\classes\MetadataService.cls","403","26","FieldNamingConventions","The instance field name 'message_type_info' doesn't match '[a-z][a-zA-Z0-9]*'","https://docs.pmd-code.org/pmd-doc-7.4.0/pmd_rules_apex_codestyle.html#fieldnamingconventions","Code Style","pmd"
"244","1","1","C:\Users\Mark Meyer\Documents\mega-history\force-app\main\default\classes\MetadataService.cls","404","26","FieldNamingConventions","The instance field name 'statusCode_type_info' doesn't match '[a-z][a-zA-Z0-9]*'","https://docs.pmd-code.org/pmd-doc-7.4.0/pmd_rules_apex_codestyle.html#fieldnamingconventions","Code Style","pmd"
"245","1","1","C:\Users\Mark Meyer\Documents\mega-history\force-app\main\default\classes\MetadataService.cls","405","26","FieldNamingConventions","The instance field name 'apex_schema_type_info' doesn't match '[a-z][a-zA-Z0-9]*'","https://docs.pmd-code.org/pmd-doc-7.4.0/pmd_rules_apex_codestyle.html#fieldnamingconventions","Code Style","pmd"
"246","1","1","C:\Users\Mark Meyer\Documents\mega-history\force-app\main\default\classes\MetadataService.cls","406","26","FieldNamingConventions","The instance field name 'field_order_type_info' doesn't match '[a-z][a-zA-Z0-9]*'","https://docs.pmd-code.org/pmd-doc-7.4.0/pmd_rules_apex_codestyle.html#fieldnamingconventions","Code Style","pmd"
"247","1","1","C:\Users\Mark Meyer\Documents\mega-history\force-app\main\default\classes\MetadataService.cls","412","12","ClassNamingConventions","The inner class name 'updateMetadata_element' doesn't match '[A-Z][a-zA-Z0-9_]*'","https://docs.pmd-code.org/pmd-doc-7.4.0/pmd_rules_apex_codestyle.html#classnamingconventions","Code Style","pmd"
"248","1","1","C:\Users\Mark Meyer\Documents\mega-history\force-app\main\default\classes\MetadataService.cls","414","26","FieldNamingConventions","The instance field name 'metadata_type_info' doesn't match '[a-z][a-zA-Z0-9]*'","https://docs.pmd-code.org/pmd-doc-7.4.0/pmd_rules_apex_codestyle.html#fieldnamingconventions","Code Style","pmd"
"249","1","1","C:\Users\Mark Meyer\Documents\mega-history\force-app\main\default\classes\MetadataService.cls","415","26","FieldNamingConventions","The instance field name 'apex_schema_type_info' doesn't match '[a-z][a-zA-Z0-9]*'","https://docs.pmd-code.org/pmd-doc-7.4.0/pmd_rules_apex_codestyle.html#fieldnamingconventions","Code Style","pmd"
"250","1","1","C:\Users\Mark Meyer\Documents\mega-history\force-app\main\default\classes\MetadataService.cls","416","26","FieldNamingConventions","The instance field name 'field_order_type_info' doesn't match '[a-z][a-zA-Z0-9]*'","https://docs.pmd-code.org/pmd-doc-7.4.0/pmd_rules_apex_codestyle.html#fieldnamingconventions","Code Style","pmd"
"251","1","1","C:\Users\Mark Meyer\Documents\mega-history\force-app\main\default\classes\MetadataService.cls","425","26","FieldNamingConventions","The instance field name 'done_type_info' doesn't match '[a-z][a-zA-Z0-9]*'","https://docs.pmd-code.org/pmd-doc-7.4.0/pmd_rules_apex_codestyle.html#fieldnamingconventions","Code Style","pmd"
"252","1","1","C:\Users\Mark Meyer\Documents\mega-history\force-app\main\default\classes\MetadataService.cls","426","26","FieldNamingConventions","The instance field name 'id_type_info' doesn't match '[a-z][a-zA-Z0-9]*'","https://docs.pmd-code.org/pmd-doc-7.4.0/pmd_rules_apex_codestyle.html#fieldnamingconventions","Code Style","pmd"
"253","1","1","C:\Users\Mark Meyer\Documents\mega-history\force-app\main\default\classes\MetadataService.cls","427","26","FieldNamingConventions","The instance field name 'apex_schema_type_info' doesn't match '[a-z][a-zA-Z0-9]*'","https://docs.pmd-code.org/pmd-doc-7.4.0/pmd_rules_apex_codestyle.html#fieldnamingconventions","Code Style","pmd"
"254","1","1","C:\Users\Mark Meyer\Documents\mega-history\force-app\main\default\classes\MetadataService.cls","428","26","FieldNamingConventions","The instance field name 'field_order_type_info' doesn't match '[a-z][a-zA-Z0-9]*'","https://docs.pmd-code.org/pmd-doc-7.4.0/pmd_rules_apex_codestyle.html#fieldnamingconventions","Code Style","pmd"
"255","1","1","C:\Users\Mark Meyer\Documents\mega-history\force-app\main\default\classes\MetadataService.cls","434","12","ClassNamingConventions","The inner class name 'upsertMetadata_element' doesn't match '[A-Z][a-zA-Z0-9_]*'","https://docs.pmd-code.org/pmd-doc-7.4.0/pmd_rules_apex_codestyle.html#classnamingconventions","Code Style","pmd"
"256","1","1","C:\Users\Mark Meyer\Documents\mega-history\force-app\main\default\classes\MetadataService.cls","436","26","FieldNamingConventions","The instance field name 'metadata_type_info' doesn't match '[a-z][a-zA-Z0-9]*'","https://docs.pmd-code.org/pmd-doc-7.4.0/pmd_rules_apex_codestyle.html#fieldnamingconventions","Code Style","pmd"
"257","1","1","C:\Users\Mark Meyer\Documents\mega-history\force-app\main\default\classes\MetadataService.cls","437","26","FieldNamingConventions","The instance field name 'apex_schema_type_info' doesn't match '[a-z][a-zA-Z0-9]*'","https://docs.pmd-code.org/pmd-doc-7.4.0/pmd_rules_apex_codestyle.html#fieldnamingconventions","Code Style","pmd"
"258","1","1","C:\Users\Mark Meyer\Documents\mega-history\force-app\main\default\classes\MetadataService.cls","438","26","FieldNamingConventions","The instance field name 'field_order_type_info' doesn't match '[a-z][a-zA-Z0-9]*'","https://docs.pmd-code.org/pmd-doc-7.4.0/pmd_rules_apex_codestyle.html#fieldnamingconventions","Code Style","pmd"
"259","1","1","C:\Users\Mark Meyer\Documents\mega-history\force-app\main\default\classes\MetadataService.cls","444","12","ClassNamingConventions","The inner class name 'renameMetadata_element' doesn't match '[A-Z][a-zA-Z0-9_]*'","https://docs.pmd-code.org/pmd-doc-7.4.0/pmd_rules_apex_codestyle.html#classnamingconventions","Code Style","pmd"
"260","1","1","C:\Users\Mark Meyer\Documents\mega-history\force-app\main\default\classes\MetadataService.cls","445","23","FieldNamingConventions","The instance field name 'type_x' doesn't match '[a-z][a-zA-Z0-9]*'","https://docs.pmd-code.org/pmd-doc-7.4.0/pmd_rules_apex_codestyle.html#fieldnamingconventions","Code Style","pmd"
"261","1","1","C:\Users\Mark Meyer\Documents\mega-history\force-app\main\default\classes\MetadataService.cls","448","26","FieldNamingConventions","The instance field name 'type_x_type_info' doesn't match '[a-z][a-zA-Z0-9]*'","https://docs.pmd-code.org/pmd-doc-7.4.0/pmd_rules_apex_codestyle.html#fieldnamingconventions","Code Style","pmd"
"262","1","1","C:\Users\Mark Meyer\Documents\mega-history\force-app\main\default\classes\MetadataService.cls","449","26","FieldNamingConventions","The instance field name 'oldFullName_type_info' doesn't match '[a-z][a-zA-Z0-9]*'","https://docs.pmd-code.org/pmd-doc-7.4.0/pmd_rules_apex_codestyle.html#fieldnamingconventions","Code Style","pmd"
"263","1","1","C:\Users\Mark Meyer\Documents\mega-history\force-app\main\default\classes\MetadataService.cls","450","26","FieldNamingConventions","The instance field name 'newFullName_type_info' doesn't match '[a-z][a-zA-Z0-9]*'","https://docs.pmd-code.org/pmd-doc-7.4.0/pmd_rules_apex_codestyle.html#fieldnamingconventions","Code Style","pmd"
"264","1","1","C:\Users\Mark Meyer\Documents\mega-history\force-app\main\default\classes\MetadataService.cls","451","26","FieldNamingConventions","The instance field name 'apex_schema_type_info' doesn't match '[a-z][a-zA-Z0-9]*'","https://docs.pmd-code.org/pmd-doc-7.4.0/pmd_rules_apex_codestyle.html#fieldnamingconventions","Code Style","pmd"
"265","1","1","C:\Users\Mark Meyer\Documents\mega-history\force-app\main\default\classes\MetadataService.cls","452","26","FieldNamingConventions","The instance field name 'field_order_type_info' doesn't match '[a-z][a-zA-Z0-9]*'","https://docs.pmd-code.org/pmd-doc-7.4.0/pmd_rules_apex_codestyle.html#fieldnamingconventions","Code Style","pmd"
"266","1","1","C:\Users\Mark Meyer\Documents\mega-history\force-app\main\default\classes\MetadataService.cls","461","26","FieldNamingConventions","The instance field name 'fullName_type_info' doesn't match '[a-z][a-zA-Z0-9]*'","https://docs.pmd-code.org/pmd-doc-7.4.0/pmd_rules_apex_codestyle.html#fieldnamingconventions","Code Style","pmd"
"267","1","1","C:\Users\Mark Meyer\Documents\mega-history\force-app\main\default\classes\MetadataService.cls","463","26","FieldNamingConventions","The instance field name 'content_type_info' doesn't match '[a-z][a-zA-Z0-9]*'","https://docs.pmd-code.org/pmd-doc-7.4.0/pmd_rules_apex_codestyle.html#fieldnamingconventions","Code Style","pmd"
"268","1","1","C:\Users\Mark Meyer\Documents\mega-history\force-app\main\default\classes\MetadataService.cls","467","26","FieldNamingConventions","The instance field name 'apiVersion_type_info' doesn't match '[a-z][a-zA-Z0-9]*'","https://docs.pmd-code.org/pmd-doc-7.4.0/pmd_rules_apex_codestyle.html#fieldnamingconventions","Code Style","pmd"
"269","1","1","C:\Users\Mark Meyer\Documents\mega-history\force-app\main\default\classes\MetadataService.cls","468","26","FieldNamingConventions","The instance field name 'packageVersions_type_info' doesn't match '[a-z][a-zA-Z0-9]*'","https://docs.pmd-code.org/pmd-doc-7.4.0/pmd_rules_apex_codestyle.html#fieldnamingconventions","Code Style","pmd"
"270","1","1","C:\Users\Mark Meyer\Documents\mega-history\force-app\main\default\classes\MetadataService.cls","469","26","FieldNamingConventions","The instance field name 'status_type_info' doesn't match '[a-z][a-zA-Z0-9]*'","https://docs.pmd-code.org/pmd-doc-7.4.0/pmd_rules_apex_codestyle.html#fieldnamingconventions","Code Style","pmd"
"271","1","1","C:\Users\Mark Meyer\Documents\mega-history\force-app\main\default\classes\MetadataService.cls","470","26","FieldNamingConventions","The instance field name 'apex_schema_type_info' doesn't match '[a-z][a-zA-Z0-9]*'","https://docs.pmd-code.org/pmd-doc-7.4.0/pmd_rules_apex_codestyle.html#fieldnamingconventions","Code Style","pmd"
"272","1","1","C:\Users\Mark Meyer\Documents\mega-history\force-app\main\default\classes\MetadataService.cls","471","26","FieldNamingConventions","The instance field name 'type_att_info' doesn't match '[a-z][a-zA-Z0-9]*'","https://docs.pmd-code.org/pmd-doc-7.4.0/pmd_rules_apex_codestyle.html#fieldnamingconventions","Code Style","pmd"
"273","1","1","C:\Users\Mark Meyer\Documents\mega-history\force-app\main\default\classes\MetadataService.cls","472","26","FieldNamingConventions","The instance field name 'field_order_type_info' doesn't match '[a-z][a-zA-Z0-9]*'","https://docs.pmd-code.org/pmd-doc-7.4.0/pmd_rules_apex_codestyle.html#fieldnamingconventions","Code Style","pmd"
"274","1","1","C:\Users\Mark Meyer\Documents\mega-history\force-app\main\default\classes\MetadataService.cls","488","26","FieldNamingConventions","The instance field name 'category_type_info' doesn't match '[a-z][a-zA-Z0-9]*'","https://docs.pmd-code.org/pmd-doc-7.4.0/pmd_rules_apex_codestyle.html#fieldnamingconventions","Code Style","pmd"
"275","1","1","C:\Users\Mark Meyer\Documents\mega-history\force-app\main\default\classes\MetadataService.cls","489","26","FieldNamingConventions","The instance field name 'level_type_info' doesn't match '[a-z][a-zA-Z0-9]*'","https://docs.pmd-code.org/pmd-doc-7.4.0/pmd_rules_apex_codestyle.html#fieldnamingconventions","Code Style","pmd"
"276","1","1","C:\Users\Mark Meyer\Documents\mega-history\force-app\main\default\classes\MetadataService.cls","490","26","FieldNamingConventions","The instance field name 'apex_schema_type_info' doesn't match '[a-z][a-zA-Z0-9]*'","https://docs.pmd-code.org/pmd-doc-7.4.0/pmd_rules_apex_codestyle.html#fieldnamingconventions","Code Style","pmd"
"277","1","1","C:\Users\Mark Meyer\Documents\mega-history\force-app\main\default\classes\MetadataService.cls","491","26","FieldNamingConventions","The instance field name 'field_order_type_info' doesn't match '[a-z][a-zA-Z0-9]*'","https://docs.pmd-code.org/pmd-doc-7.4.0/pmd_rules_apex_codestyle.html#fieldnamingconventions","Code Style","pmd"
"278","1","1","C:\Users\Mark Meyer\Documents\mega-history\force-app\main\default\classes\MetadataService.cls","500","26","FieldNamingConventions","The instance field name 'categories_type_info' doesn't match '[a-z][a-zA-Z0-9]*'","https://docs.pmd-code.org/pmd-doc-7.4.0/pmd_rules_apex_codestyle.html#fieldnamingconventions","Code Style","pmd"
"279","1","1","C:\Users\Mark Meyer\Documents\mega-history\force-app\main\default\classes\MetadataService.cls","501","26","FieldNamingConventions","The instance field name 'debugLevel_type_info' doesn't match '[a-z][a-zA-Z0-9]*'","https://docs.pmd-code.org/pmd-doc-7.4.0/pmd_rules_apex_codestyle.html#fieldnamingconventions","Code Style","pmd"
"280","1","1","C:\Users\Mark Meyer\Documents\mega-history\force-app\main\default\classes\MetadataService.cls","502","26","FieldNamingConventions","The instance field name 'apex_schema_type_info' doesn't match '[a-z][a-zA-Z0-9]*'","https://docs.pmd-code.org/pmd-doc-7.4.0/pmd_rules_apex_codestyle.html#fieldnamingconventions","Code Style","pmd"
"281","1","1","C:\Users\Mark Meyer\Documents\mega-history\force-app\main\default\classes\MetadataService.cls","503","26","FieldNamingConventions","The instance field name 'field_order_type_info' doesn't match '[a-z][a-zA-Z0-9]*'","https://docs.pmd-code.org/pmd-doc-7.4.0/pmd_rules_apex_codestyle.html#fieldnamingconventions","Code Style","pmd"
"282","1","1","C:\Users\Mark Meyer\Documents\mega-history\force-app\main\default\classes\MetadataService.cls","509","12","ClassNamingConventions","The inner class name 'describeMetadata_element' doesn't match '[A-Z][a-zA-Z0-9_]*'","https://docs.pmd-code.org/pmd-doc-7.4.0/pmd_rules_apex_codestyle.html#classnamingconventions","Code Style","pmd"
"283","1","1","C:\Users\Mark Meyer\Documents\mega-history\force-app\main\default\classes\MetadataService.cls","511","26","FieldNamingConventions","The instance field name 'asOfVersion_type_info' doesn't match '[a-z][a-zA-Z0-9]*'","https://docs.pmd-code.org/pmd-doc-7.4.0/pmd_rules_apex_codestyle.html#fieldnamingconventions","Code Style","pmd"
"284","1","1","C:\Users\Mark Meyer\Documents\mega-history\force-app\main\default\classes\MetadataService.cls","512","26","FieldNamingConventions","The instance field name 'apex_schema_type_info' doesn't match '[a-z][a-zA-Z0-9]*'","https://docs.pmd-code.org/pmd-doc-7.4.0/pmd_rules_apex_codestyle.html#fieldnamingconventions","Code Style","pmd"
"285","1","1","C:\Users\Mark Meyer\Documents\mega-history\force-app\main\default\classes\MetadataService.cls","513","26","FieldNamingConventions","The instance field name 'field_order_type_info' doesn't match '[a-z][a-zA-Z0-9]*'","https://docs.pmd-code.org/pmd-doc-7.4.0/pmd_rules_apex_codestyle.html#fieldnamingconventions","Code Style","pmd"
"286","1","1","C:\Users\Mark Meyer\Documents\mega-history\force-app\main\default\classes\MetadataService.cls","525","23","FieldNamingConventions","The instance field name 'time_x' doesn't match '[a-z][a-zA-Z0-9]*'","https://docs.pmd-code.org/pmd-doc-7.4.0/pmd_rules_apex_codestyle.html#fieldnamingconventions","Code Style","pmd"
"287","1","1","C:\Users\Mark Meyer\Documents\mega-history\force-app\main\default\classes\MetadataService.cls","526","26","FieldNamingConventions","The instance field name 'id_type_info' doesn't match '[a-z][a-zA-Z0-9]*'","https://docs.pmd-code.org/pmd-doc-7.4.0/pmd_rules_apex_codestyle.html#fieldnamingconventions","Code Style","pmd"
"288","1","1","C:\Users\Mark Meyer\Documents\mega-history\force-app\main\default\classes\MetadataService.cls","527","26","FieldNamingConventions","The instance field name 'methodName_type_info' doesn't match '[a-z][a-zA-Z0-9]*'","https://docs.pmd-code.org/pmd-doc-7.4.0/pmd_rules_apex_codestyle.html#fieldnamingconventions","Code Style","pmd"
"289","1","1","C:\Users\Mark Meyer\Documents\mega-history\force-app\main\default\classes\MetadataService.cls","528","26","FieldNamingConventions","The instance field name 'name_type_info' doesn't match '[a-z][a-zA-Z0-9]*'","https://docs.pmd-code.org/pmd-doc-7.4.0/pmd_rules_apex_codestyle.html#fieldnamingconventions","Code Style","pmd"
"290","1","1","C:\Users\Mark Meyer\Documents\mega-history\force-app\main\default\classes\MetadataService.cls","529","26","FieldNamingConventions","The instance field name 'namespace_type_info' doesn't match '[a-z][a-zA-Z0-9]*'","https://docs.pmd-code.org/pmd-doc-7.4.0/pmd_rules_apex_codestyle.html#fieldnamingconventions","Code Style","pmd"
"291","1","1","C:\Users\Mark Meyer\Documents\mega-history\force-app\main\default\classes\MetadataService.cls","530","26","FieldNamingConventions","The instance field name 'seeAllData_type_info' doesn't match '[a-z][a-zA-Z0-9]*'","https://docs.pmd-code.org/pmd-doc-7.4.0/pmd_rules_apex_codestyle.html#fieldnamingconventions","Code Style","pmd"
"292","1","1","C:\Users\Mark Meyer\Documents\mega-history\force-app\main\default\classes\MetadataService.cls","531","26","FieldNamingConventions","The instance field name 'time_x_type_info' doesn't match '[a-z][a-zA-Z0-9]*'","https://docs.pmd-code.org/pmd-doc-7.4.0/pmd_rules_apex_codestyle.html#fieldnamingconventions","Code Style","pmd"
"293","1","1","C:\Users\Mark Meyer\Documents\mega-history\force-app\main\default\classes\MetadataService.cls","532","26","FieldNamingConventions","The instance field name 'apex_schema_type_info' doesn't match '[a-z][a-zA-Z0-9]*'","https://docs.pmd-code.org/pmd-doc-7.4.0/pmd_rules_apex_codestyle.html#fieldnamingconventions","Code Style","pmd"
"294","1","1","C:\Users\Mark Meyer\Documents\mega-history\force-app\main\default\classes\MetadataService.cls","533","26","FieldNamingConventions","The instance field name 'field_order_type_info' doesn't match '[a-z][a-zA-Z0-9]*'","https://docs.pmd-code.org/pmd-doc-7.4.0/pmd_rules_apex_codestyle.html#fieldnamingconventions","Code Style","pmd"
"295","1","1","C:\Users\Mark Meyer\Documents\mega-history\force-app\main\default\classes\MetadataService.cls","541","23","FieldNamingConventions","The instance field name 'type_x' doesn't match '[a-z][a-zA-Z0-9]*'","https://docs.pmd-code.org/pmd-doc-7.4.0/pmd_rules_apex_codestyle.html#fieldnamingconventions","Code Style","pmd"
"296","1","1","C:\Users\Mark Meyer\Documents\mega-history\force-app\main\default\classes\MetadataService.cls","542","26","FieldNamingConventions","The instance field name 'folder_type_info' doesn't match '[a-z][a-zA-Z0-9]*'","https://docs.pmd-code.org/pmd-doc-7.4.0/pmd_rules_apex_codestyle.html#fieldnamingconventions","Code Style","pmd"
"297","1","1","C:\Users\Mark Meyer\Documents\mega-history\force-app\main\default\classes\MetadataService.cls","543","26","FieldNamingConventions","The instance field name 'type_x_type_info' doesn't match '[a-z][a-zA-Z0-9]*'","https://docs.pmd-code.org/pmd-doc-7.4.0/pmd_rules_apex_codestyle.html#fieldnamingconventions","Code Style","pmd"
"298","1","1","C:\Users\Mark Meyer\Documents\mega-history\force-app\main\default\classes\MetadataService.cls","544","26","FieldNamingConventions","The instance field name 'apex_schema_type_info' doesn't match '[a-z][a-zA-Z0-9]*'","https://docs.pmd-code.org/pmd-doc-7.4.0/pmd_rules_apex_codestyle.html#fieldnamingconventions","Code Style","pmd"
"299","1","1","C:\Users\Mark Meyer\Documents\mega-history\force-app\main\default\classes\MetadataService.cls","545","26","FieldNamingConventions","The instance field name 'field_order_type_info' doesn't match '[a-z][a-zA-Z0-9]*'","https://docs.pmd-code.org/pmd-doc-7.4.0/pmd_rules_apex_codestyle.html#fieldnamingconventions","Code Style","pmd"
"300","1","1","C:\Users\Mark Meyer\Documents\mega-history\force-app\main\default\classes\MetadataService.cls","551","12","ClassNamingConventions","The inner class name 'createMetadataResponse_element' doesn't match '[A-Z][a-zA-Z0-9_]*'","https://docs.pmd-code.org/pmd-doc-7.4.0/pmd_rules_apex_codestyle.html#classnamingconventions","Code Style","pmd"
"301","1","1","C:\Users\Mark Meyer\Documents\mega-history\force-app\main\default\classes\MetadataService.cls","553","26","FieldNamingConventions","The instance field name 'result_type_info' doesn't match '[a-z][a-zA-Z0-9]*'","https://docs.pmd-code.org/pmd-doc-7.4.0/pmd_rules_apex_codestyle.html#fieldnamingconventions","Code Style","pmd"
"302","1","1","C:\Users\Mark Meyer\Documents\mega-history\force-app\main\default\classes\MetadataService.cls","554","26","FieldNamingConventions","The instance field name 'apex_schema_type_info' doesn't match '[a-z][a-zA-Z0-9]*'","https://docs.pmd-code.org/pmd-doc-7.4.0/pmd_rules_apex_codestyle.html#fieldnamingconventions","Code Style","pmd"
"303","1","1","C:\Users\Mark Meyer\Documents\mega-history\force-app\main\default\classes\MetadataService.cls","555","26","FieldNamingConventions","The instance field name 'field_order_type_info' doesn't match '[a-z][a-zA-Z0-9]*'","https://docs.pmd-code.org/pmd-doc-7.4.0/pmd_rules_apex_codestyle.html#fieldnamingconventions","Code Style","pmd"
"304","3","3","C:\Users\Mark Meyer\Documents\mega-history\force-app\main\default\classes\MetadataService.cls","561","12","TooManyFields","Too many fields","https://docs.pmd-code.org/pmd-doc-7.4.0/pmd_rules_apex_design.html#toomanyfields","Design","pmd"
"305","1","1","C:\Users\Mark Meyer\Documents\mega-history\force-app\main\default\classes\MetadataService.cls","572","23","FieldNamingConventions","The instance field name 'type_x' doesn't match '[a-z][a-zA-Z0-9]*'","https://docs.pmd-code.org/pmd-doc-7.4.0/pmd_rules_apex_codestyle.html#fieldnamingconventions","Code Style","pmd"
"306","1","1","C:\Users\Mark Meyer\Documents\mega-history\force-app\main\default\classes\MetadataService.cls","573","26","FieldNamingConventions","The instance field name 'dmlInfo_type_info' doesn't match '[a-z][a-zA-Z0-9]*'","https://docs.pmd-code.org/pmd-doc-7.4.0/pmd_rules_apex_codestyle.html#fieldnamingconventions","Code Style","pmd"
"307","1","1","C:\Users\Mark Meyer\Documents\mega-history\force-app\main\default\classes\MetadataService.cls","574","26","FieldNamingConventions","The instance field name 'id_type_info' doesn't match '[a-z][a-zA-Z0-9]*'","https://docs.pmd-code.org/pmd-doc-7.4.0/pmd_rules_apex_codestyle.html#fieldnamingconventions","Code Style","pmd"
"308","1","1","C:\Users\Mark Meyer\Documents\mega-history\force-app\main\default\classes\MetadataService.cls","575","26","FieldNamingConventions","The instance field name 'locationsNotCovered_type_info' doesn't match '[a-z][a-zA-Z0-9]*'","https://docs.pmd-code.org/pmd-doc-7.4.0/pmd_rules_apex_codestyle.html#fieldnamingconventions","Code Style","pmd"
"309","1","1","C:\Users\Mark Meyer\Documents\mega-history\force-app\main\default\classes\MetadataService.cls","576","26","FieldNamingConventions","The instance field name 'methodInfo_type_info' doesn't match '[a-z][a-zA-Z0-9]*'","https://docs.pmd-code.org/pmd-doc-7.4.0/pmd_rules_apex_codestyle.html#fieldnamingconventions","Code Style","pmd"
"310","1","1","C:\Users\Mark Meyer\Documents\mega-history\force-app\main\default\classes\MetadataService.cls","577","26","FieldNamingConventions","The instance field name 'name_type_info' doesn't match '[a-z][a-zA-Z0-9]*'","https://docs.pmd-code.org/pmd-doc-7.4.0/pmd_rules_apex_codestyle.html#fieldnamingconventions","Code Style","pmd"
"311","1","1","C:\Users\Mark Meyer\Documents\mega-history\force-app\main\default\classes\MetadataService.cls","578","26","FieldNamingConventions","The instance field name 'namespace_type_info' doesn't match '[a-z][a-zA-Z0-9]*'","https://docs.pmd-code.org/pmd-doc-7.4.0/pmd_rules_apex_codestyle.html#fieldnamingconventions","Code Style","pmd"
"312","1","1","C:\Users\Mark Meyer\Documents\mega-history\force-app\main\default\classes\MetadataService.cls","579","26","FieldNamingConventions","The instance field name 'numLocations_type_info' doesn't match '[a-z][a-zA-Z0-9]*'","https://docs.pmd-code.org/pmd-doc-7.4.0/pmd_rules_apex_codestyle.html#fieldnamingconventions","Code Style","pmd"
"313","1","1","C:\Users\Mark Meyer\Documents\mega-history\force-app\main\default\classes\MetadataService.cls","580","26","FieldNamingConventions","The instance field name 'numLocationsNotCovered_type_info' doesn't match '[a-z][a-zA-Z0-9]*'","https://docs.pmd-code.org/pmd-doc-7.4.0/pmd_rules_apex_codestyle.html#fieldnamingconventions","Code Style","pmd"
"314","1","1","C:\Users\Mark Meyer\Documents\mega-history\force-app\main\default\classes\MetadataService.cls","581","26","FieldNamingConventions","The instance field name 'soqlInfo_type_info' doesn't match '[a-z][a-zA-Z0-9]*'","https://docs.pmd-code.org/pmd-doc-7.4.0/pmd_rules_apex_codestyle.html#fieldnamingconventions","Code Style","pmd"
"315","1","1","C:\Users\Mark Meyer\Documents\mega-history\force-app\main\default\classes\MetadataService.cls","582","26","FieldNamingConventions","The instance field name 'soslInfo_type_info' doesn't match '[a-z][a-zA-Z0-9]*'","https://docs.pmd-code.org/pmd-doc-7.4.0/pmd_rules_apex_codestyle.html#fieldnamingconventions","Code Style","pmd"
"316","1","1","C:\Users\Mark Meyer\Documents\mega-history\force-app\main\default\classes\MetadataService.cls","583","26","FieldNamingConventions","The instance field name 'type_x_type_info' doesn't match '[a-z][a-zA-Z0-9]*'","https://docs.pmd-code.org/pmd-doc-7.4.0/pmd_rules_apex_codestyle.html#fieldnamingconventions","Code Style","pmd"
"317","1","1","C:\Users\Mark Meyer\Documents\mega-history\force-app\main\default\classes\MetadataService.cls","584","26","FieldNamingConventions","The instance field name 'apex_schema_type_info' doesn't match '[a-z][a-zA-Z0-9]*'","https://docs.pmd-code.org/pmd-doc-7.4.0/pmd_rules_apex_codestyle.html#fieldnamingconventions","Code Style","pmd"
"318","1","1","C:\Users\Mark Meyer\Documents\mega-history\force-app\main\default\classes\MetadataService.cls","585","26","FieldNamingConventions","The instance field name 'field_order_type_info' doesn't match '[a-z][a-zA-Z0-9]*'","https://docs.pmd-code.org/pmd-doc-7.4.0/pmd_rules_apex_codestyle.html#fieldnamingconventions","Code Style","pmd"
"319","1","1","C:\Users\Mark Meyer\Documents\mega-history\force-app\main\default\classes\MetadataService.cls","591","12","ClassNamingConventions","The inner class name 'updateMetadataResponse_element' doesn't match '[A-Z][a-zA-Z0-9_]*'","https://docs.pmd-code.org/pmd-doc-7.4.0/pmd_rules_apex_codestyle.html#classnamingconventions","Code Style","pmd"
"320","1","1","C:\Users\Mark Meyer\Documents\mega-history\force-app\main\default\classes\MetadataService.cls","593","26","FieldNamingConventions","The instance field name 'result_type_info' doesn't match '[a-z][a-zA-Z0-9]*'","https://docs.pmd-code.org/pmd-doc-7.4.0/pmd_rules_apex_codestyle.html#fieldnamingconventions","Code Style","pmd"
"321","1","1","C:\Users\Mark Meyer\Documents\mega-history\force-app\main\default\classes\MetadataService.cls","594","26","FieldNamingConventions","The instance field name 'apex_schema_type_info' doesn't match '[a-z][a-zA-Z0-9]*'","https://docs.pmd-code.org/pmd-doc-7.4.0/pmd_rules_apex_codestyle.html#fieldnamingconventions","Code Style","pmd"
"322","1","1","C:\Users\Mark Meyer\Documents\mega-history\force-app\main\default\classes\MetadataService.cls","595","26","FieldNamingConventions","The instance field name 'field_order_type_info' doesn't match '[a-z][a-zA-Z0-9]*'","https://docs.pmd-code.org/pmd-doc-7.4.0/pmd_rules_apex_codestyle.html#fieldnamingconventions","Code Style","pmd"
"323","1","1","C:\Users\Mark Meyer\Documents\mega-history\force-app\main\default\classes\MetadataService.cls","601","12","ClassNamingConventions","The inner class name 'deleteMetadata_element' doesn't match '[A-Z][a-zA-Z0-9_]*'","https://docs.pmd-code.org/pmd-doc-7.4.0/pmd_rules_apex_codestyle.html#classnamingconventions","Code Style","pmd"
"324","1","1","C:\Users\Mark Meyer\Documents\mega-history\force-app\main\default\classes\MetadataService.cls","602","23","FieldNamingConventions","The instance field name 'type_x' doesn't match '[a-z][a-zA-Z0-9]*'","https://docs.pmd-code.org/pmd-doc-7.4.0/pmd_rules_apex_codestyle.html#fieldnamingconventions","Code Style","pmd"
"325","1","1","C:\Users\Mark Meyer\Documents\mega-history\force-app\main\default\classes\MetadataService.cls","604","26","FieldNamingConventions","The instance field name 'type_x_type_info' doesn't match '[a-z][a-zA-Z0-9]*'","https://docs.pmd-code.org/pmd-doc-7.4.0/pmd_rules_apex_codestyle.html#fieldnamingconventions","Code Style","pmd"
"326","1","1","C:\Users\Mark Meyer\Documents\mega-history\force-app\main\default\classes\MetadataService.cls","605","26","FieldNamingConventions","The instance field name 'fullNames_type_info' doesn't match '[a-z][a-zA-Z0-9]*'","https://docs.pmd-code.org/pmd-doc-7.4.0/pmd_rules_apex_codestyle.html#fieldnamingconventions","Code Style","pmd"
"327","1","1","C:\Users\Mark Meyer\Documents\mega-history\force-app\main\default\classes\MetadataService.cls","606","26","FieldNamingConventions","The instance field name 'apex_schema_type_info' doesn't match '[a-z][a-zA-Z0-9]*'","https://docs.pmd-code.org/pmd-doc-7.4.0/pmd_rules_apex_codestyle.html#fieldnamingconventions","Code Style","pmd"
"328","1","1","C:\Users\Mark Meyer\Documents\mega-history\force-app\main\default\classes\MetadataService.cls","607","26","FieldNamingConventions","The instance field name 'field_order_type_info' doesn't match '[a-z][a-zA-Z0-9]*'","https://docs.pmd-code.org/pmd-doc-7.4.0/pmd_rules_apex_codestyle.html#fieldnamingconventions","Code Style","pmd"
"329","1","1","C:\Users\Mark Meyer\Documents\mega-history\force-app\main\default\classes\MetadataService.cls","618","26","FieldNamingConventions","The instance field name 'id_type_info' doesn't match '[a-z][a-zA-Z0-9]*'","https://docs.pmd-code.org/pmd-doc-7.4.0/pmd_rules_apex_codestyle.html#fieldnamingconventions","Code Style","pmd"
"330","1","1","C:\Users\Mark Meyer\Documents\mega-history\force-app\main\default\classes\MetadataService.cls","619","26","FieldNamingConventions","The instance field name 'message_type_info' doesn't match '[a-z][a-zA-Z0-9]*'","https://docs.pmd-code.org/pmd-doc-7.4.0/pmd_rules_apex_codestyle.html#fieldnamingconventions","Code Style","pmd"
"331","1","1","C:\Users\Mark Meyer\Documents\mega-history\force-app\main\default\classes\MetadataService.cls","620","26","FieldNamingConventions","The instance field name 'name_type_info' doesn't match '[a-z][a-zA-Z0-9]*'","https://docs.pmd-code.org/pmd-doc-7.4.0/pmd_rules_apex_codestyle.html#fieldnamingconventions","Code Style","pmd"
"332","1","1","C:\Users\Mark Meyer\Documents\mega-history\force-app\main\default\classes\MetadataService.cls","621","26","FieldNamingConventions","The instance field name 'namespace_type_info' doesn't match '[a-z][a-zA-Z0-9]*'","https://docs.pmd-code.org/pmd-doc-7.4.0/pmd_rules_apex_codestyle.html#fieldnamingconventions","Code Style","pmd"
"333","1","1","C:\Users\Mark Meyer\Documents\mega-history\force-app\main\default\classes\MetadataService.cls","622","26","FieldNamingConventions","The instance field name 'apex_schema_type_info' doesn't match '[a-z][a-zA-Z0-9]*'","https://docs.pmd-code.org/pmd-doc-7.4.0/pmd_rules_apex_codestyle.html#fieldnamingconventions","Code Style","pmd"
"334","1","1","C:\Users\Mark Meyer\Documents\mega-history\force-app\main\default\classes\MetadataService.cls","623","26","FieldNamingConventions","The instance field name 'field_order_type_info' doesn't match '[a-z][a-zA-Z0-9]*'","https://docs.pmd-code.org/pmd-doc-7.4.0/pmd_rules_apex_codestyle.html#fieldnamingconventions","Code Style","pmd"
"335","3","3","C:\Users\Mark Meyer\Documents\mega-history\force-app\main\default\classes\MetadataService.cls","633","9","ApexDoc","Missing ApexDoc @return","https://docs.pmd-code.org/pmd-doc-7.4.0/pmd_rules_apex_documentation.html#apexdoc","Documentation","pmd"
"336","3","3","C:\Users\Mark Meyer\Documents\mega-history\force-app\main\default\classes\MetadataService.cls","643","9","ApexDoc","Missing ApexDoc @return","https://docs.pmd-code.org/pmd-doc-7.4.0/pmd_rules_apex_documentation.html#apexdoc","Documentation","pmd"
"337","1","1","C:\Users\Mark Meyer\Documents\mega-history\force-app\main\default\classes\MetadataService.cls","651","26","FieldNamingConventions","The instance field name 'records_type_info' doesn't match '[a-z][a-zA-Z0-9]*'","https://docs.pmd-code.org/pmd-doc-7.4.0/pmd_rules_apex_codestyle.html#fieldnamingconventions","Code Style","pmd"
"338","1","1","C:\Users\Mark Meyer\Documents\mega-history\force-app\main\default\classes\MetadataService.cls","652","26","FieldNamingConventions","The instance field name 'apex_schema_type_info' doesn't match '[a-z][a-zA-Z0-9]*'","https://docs.pmd-code.org/pmd-doc-7.4.0/pmd_rules_apex_codestyle.html#fieldnamingconventions","Code Style","pmd"
"339","1","1","C:\Users\Mark Meyer\Documents\mega-history\force-app\main\default\classes\MetadataService.cls","653","26","FieldNamingConventions","The instance field name 'field_order_type_info' doesn't match '[a-z][a-zA-Z0-9]*'","https://docs.pmd-code.org/pmd-doc-7.4.0/pmd_rules_apex_codestyle.html#fieldnamingconventions","Code Style","pmd"
"340","3","3","C:\Users\Mark Meyer\Documents\mega-history\force-app\main\default\classes\MetadataService.cls","657","16","ApexDoc","Missing ApexDoc @return","https://docs.pmd-code.org/pmd-doc-7.4.0/pmd_rules_apex_documentation.html#apexdoc","Documentation","pmd"
"341","1","1","C:\Users\Mark Meyer\Documents\mega-history\force-app\main\default\classes\MetadataService.cls","663","12","ClassNamingConventions","The inner class name 'readApexClassResponse_element' doesn't match '[A-Z][a-zA-Z0-9_]*'","https://docs.pmd-code.org/pmd-doc-7.4.0/pmd_rules_apex_codestyle.html#classnamingconventions","Code Style","pmd"
"342","1","1","C:\Users\Mark Meyer\Documents\mega-history\force-app\main\default\classes\MetadataService.cls","665","26","FieldNamingConventions","The instance field name 'result_type_info' doesn't match '[a-z][a-zA-Z0-9]*'","https://docs.pmd-code.org/pmd-doc-7.4.0/pmd_rules_apex_codestyle.html#fieldnamingconventions","Code Style","pmd"
"343","1","1","C:\Users\Mark Meyer\Documents\mega-history\force-app\main\default\classes\MetadataService.cls","666","26","FieldNamingConventions","The instance field name 'apex_schema_type_info' doesn't match '[a-z][a-zA-Z0-9]*'","https://docs.pmd-code.org/pmd-doc-7.4.0/pmd_rules_apex_codestyle.html#fieldnamingconventions","Code Style","pmd"
"344","1","1","C:\Users\Mark Meyer\Documents\mega-history\force-app\main\default\classes\MetadataService.cls","667","26","FieldNamingConventions","The instance field name 'field_order_type_info' doesn't match '[a-z][a-zA-Z0-9]*'","https://docs.pmd-code.org/pmd-doc-7.4.0/pmd_rules_apex_codestyle.html#fieldnamingconventions","Code Style","pmd"
"345","3","3","C:\Users\Mark Meyer\Documents\mega-history\force-app\main\default\classes\MetadataService.cls","671","16","ApexDoc","Missing ApexDoc @return","https://docs.pmd-code.org/pmd-doc-7.4.0/pmd_rules_apex_documentation.html#apexdoc","Documentation","pmd"
"346","1","1","C:\Users\Mark Meyer\Documents\mega-history\force-app\main\default\classes\MetadataService.cls","679","26","FieldNamingConventions","The instance field name 'records_type_info' doesn't match '[a-z][a-zA-Z0-9]*'","https://docs.pmd-code.org/pmd-doc-7.4.0/pmd_rules_apex_codestyle.html#fieldnamingconventions","Code Style","pmd"
"347","1","1","C:\Users\Mark Meyer\Documents\mega-history\force-app\main\default\classes\MetadataService.cls","680","26","FieldNamingConventions","The instance field name 'apex_schema_type_info' doesn't match '[a-z][a-zA-Z0-9]*'","https://docs.pmd-code.org/pmd-doc-7.4.0/pmd_rules_apex_codestyle.html#fieldnamingconventions","Code Style","pmd"
"348","1","1","C:\Users\Mark Meyer\Documents\mega-history\force-app\main\default\classes\MetadataService.cls","681","26","FieldNamingConventions","The instance field name 'field_order_type_info' doesn't match '[a-z][a-zA-Z0-9]*'","https://docs.pmd-code.org/pmd-doc-7.4.0/pmd_rules_apex_codestyle.html#fieldnamingconventions","Code Style","pmd"
"349","3","3","C:\Users\Mark Meyer\Documents\mega-history\force-app\main\default\classes\MetadataService.cls","685","16","ApexDoc","Missing ApexDoc @return","https://docs.pmd-code.org/pmd-doc-7.4.0/pmd_rules_apex_documentation.html#apexdoc","Documentation","pmd"
"350","1","1","C:\Users\Mark Meyer\Documents\mega-history\force-app\main\default\classes\MetadataService.cls","691","12","ClassNamingConventions","The inner class name 'readApexTriggerResponse_element' doesn't match '[A-Z][a-zA-Z0-9_]*'","https://docs.pmd-code.org/pmd-doc-7.4.0/pmd_rules_apex_codestyle.html#classnamingconventions","Code Style","pmd"
"351","1","1","C:\Users\Mark Meyer\Documents\mega-history\force-app\main\default\classes\MetadataService.cls","693","26","FieldNamingConventions","The instance field name 'result_type_info' doesn't match '[a-z][a-zA-Z0-9]*'","https://docs.pmd-code.org/pmd-doc-7.4.0/pmd_rules_apex_codestyle.html#fieldnamingconventions","Code Style","pmd"
"352","1","1","C:\Users\Mark Meyer\Documents\mega-history\force-app\main\default\classes\MetadataService.cls","694","26","FieldNamingConventions","The instance field name 'apex_schema_type_info' doesn't match '[a-z][a-zA-Z0-9]*'","https://docs.pmd-code.org/pmd-doc-7.4.0/pmd_rules_apex_codestyle.html#fieldnamingconventions","Code Style","pmd"
"353","1","1","C:\Users\Mark Meyer\Documents\mega-history\force-app\main\default\classes\MetadataService.cls","695","26","FieldNamingConventions","The instance field name 'field_order_type_info' doesn't match '[a-z][a-zA-Z0-9]*'","https://docs.pmd-code.org/pmd-doc-7.4.0/pmd_rules_apex_codestyle.html#fieldnamingconventions","Code Style","pmd"
"354","3","3","C:\Users\Mark Meyer\Documents\mega-history\force-app\main\default\classes\MetadataService.cls","699","16","ApexDoc","Missing ApexDoc @return","https://docs.pmd-code.org/pmd-doc-7.4.0/pmd_rules_apex_documentation.html#apexdoc","Documentation","pmd"
"355","1","1","C:\Users\Mark Meyer\Documents\mega-history\force-app\main\default\classes\MetadataService.cls","707","26","FieldNamingConventions","The instance field name 'records_type_info' doesn't match '[a-z][a-zA-Z0-9]*'","https://docs.pmd-code.org/pmd-doc-7.4.0/pmd_rules_apex_codestyle.html#fieldnamingconventions","Code Style","pmd"
"356","1","1","C:\Users\Mark Meyer\Documents\mega-history\force-app\main\default\classes\MetadataService.cls","708","26","FieldNamingConventions","The instance field name 'apex_schema_type_info' doesn't match '[a-z][a-zA-Z0-9]*'","https://docs.pmd-code.org/pmd-doc-7.4.0/pmd_rules_apex_codestyle.html#fieldnamingconventions","Code Style","pmd"
"357","1","1","C:\Users\Mark Meyer\Documents\mega-history\force-app\main\default\classes\MetadataService.cls","709","26","FieldNamingConventions","The instance field name 'field_order_type_info' doesn't match '[a-z][a-zA-Z0-9]*'","https://docs.pmd-code.org/pmd-doc-7.4.0/pmd_rules_apex_codestyle.html#fieldnamingconventions","Code Style","pmd"
"358","3","3","C:\Users\Mark Meyer\Documents\mega-history\force-app\main\default\classes\MetadataService.cls","713","16","ApexDoc","Missing ApexDoc @return","https://docs.pmd-code.org/pmd-doc-7.4.0/pmd_rules_apex_documentation.html#apexdoc","Documentation","pmd"
"359","1","1","C:\Users\Mark Meyer\Documents\mega-history\force-app\main\default\classes\MetadataService.cls","719","12","ClassNamingConventions","The inner class name 'readPackageResponse_element' doesn't match '[A-Z][a-zA-Z0-9_]*'","https://docs.pmd-code.org/pmd-doc-7.4.0/pmd_rules_apex_codestyle.html#classnamingconventions","Code Style","pmd"
"360","1","1","C:\Users\Mark Meyer\Documents\mega-history\force-app\main\default\classes\MetadataService.cls","721","26","FieldNamingConventions","The instance field name 'result_type_info' doesn't match '[a-z][a-zA-Z0-9]*'","https://docs.pmd-code.org/pmd-doc-7.4.0/pmd_rules_apex_codestyle.html#fieldnamingconventions","Code Style","pmd"
"361","1","1","C:\Users\Mark Meyer\Documents\mega-history\force-app\main\default\classes\MetadataService.cls","722","26","FieldNamingConventions","The instance field name 'apex_schema_type_info' doesn't match '[a-z][a-zA-Z0-9]*'","https://docs.pmd-code.org/pmd-doc-7.4.0/pmd_rules_apex_codestyle.html#fieldnamingconventions","Code Style","pmd"
"362","1","1","C:\Users\Mark Meyer\Documents\mega-history\force-app\main\default\classes\MetadataService.cls","723","26","FieldNamingConventions","The instance field name 'field_order_type_info' doesn't match '[a-z][a-zA-Z0-9]*'","https://docs.pmd-code.org/pmd-doc-7.4.0/pmd_rules_apex_codestyle.html#fieldnamingconventions","Code Style","pmd"
"363","3","3","C:\Users\Mark Meyer\Documents\mega-history\force-app\main\default\classes\MetadataService.cls","727","16","ApexDoc","Missing ApexDoc @return","https://docs.pmd-code.org/pmd-doc-7.4.0/pmd_rules_apex_documentation.html#apexdoc","Documentation","pmd"
"364","1","1","C:\Users\Mark Meyer\Documents\mega-history\force-app\main\default\classes\MetadataService.cls","735","26","FieldNamingConventions","The instance field name 'records_type_info' doesn't match '[a-z][a-zA-Z0-9]*'","https://docs.pmd-code.org/pmd-doc-7.4.0/pmd_rules_apex_codestyle.html#fieldnamingconventions","Code Style","pmd"
"365","1","1","C:\Users\Mark Meyer\Documents\mega-history\force-app\main\default\classes\MetadataService.cls","736","26","FieldNamingConventions","The instance field name 'apex_schema_type_info' doesn't match '[a-z][a-zA-Z0-9]*'","https://docs.pmd-code.org/pmd-doc-7.4.0/pmd_rules_apex_codestyle.html#fieldnamingconventions","Code Style","pmd"
"366","1","1","C:\Users\Mark Meyer\Documents\mega-history\force-app\main\default\classes\MetadataService.cls","737","26","FieldNamingConventions","The instance field name 'field_order_type_info' doesn't match '[a-z][a-zA-Z0-9]*'","https://docs.pmd-code.org/pmd-doc-7.4.0/pmd_rules_apex_codestyle.html#fieldnamingconventions","Code Style","pmd"
"367","3","3","C:\Users\Mark Meyer\Documents\mega-history\force-app\main\default\classes\MetadataService.cls","741","16","ApexDoc","Missing ApexDoc @return","https://docs.pmd-code.org/pmd-doc-7.4.0/pmd_rules_apex_documentation.html#apexdoc","Documentation","pmd"
"368","1","1","C:\Users\Mark Meyer\Documents\mega-history\force-app\main\default\classes\MetadataService.cls","747","12","ClassNamingConventions","The inner class name 'readCustomMetadataResponse_element' doesn't match '[A-Z][a-zA-Z0-9_]*'","https://docs.pmd-code.org/pmd-doc-7.4.0/pmd_rules_apex_codestyle.html#classnamingconventions","Code Style","pmd"
"369","1","1","C:\Users\Mark Meyer\Documents\mega-history\force-app\main\default\classes\MetadataService.cls","749","26","FieldNamingConventions","The instance field name 'result_type_info' doesn't match '[a-z][a-zA-Z0-9]*'","https://docs.pmd-code.org/pmd-doc-7.4.0/pmd_rules_apex_codestyle.html#fieldnamingconventions","Code Style","pmd"
"370","1","1","C:\Users\Mark Meyer\Documents\mega-history\force-app\main\default\classes\MetadataService.cls","750","26","FieldNamingConventions","The instance field name 'apex_schema_type_info' doesn't match '[a-z][a-zA-Z0-9]*'","https://docs.pmd-code.org/pmd-doc-7.4.0/pmd_rules_apex_codestyle.html#fieldnamingconventions","Code Style","pmd"
"371","1","1","C:\Users\Mark Meyer\Documents\mega-history\force-app\main\default\classes\MetadataService.cls","751","26","FieldNamingConventions","The instance field name 'field_order_type_info' doesn't match '[a-z][a-zA-Z0-9]*'","https://docs.pmd-code.org/pmd-doc-7.4.0/pmd_rules_apex_codestyle.html#fieldnamingconventions","Code Style","pmd"
"372","3","3","C:\Users\Mark Meyer\Documents\mega-history\force-app\main\default\classes\MetadataService.cls","755","16","ApexDoc","Missing ApexDoc @return","https://docs.pmd-code.org/pmd-doc-7.4.0/pmd_rules_apex_documentation.html#apexdoc","Documentation","pmd"
"373","3","3","C:\Users\Mark Meyer\Documents\mega-history\force-app\main\default\classes\MetadataService.cls","761","12","TooManyFields","Too many fields","https://docs.pmd-code.org/pmd-doc-7.4.0/pmd_rules_apex_design.html#toomanyfields","Design","pmd"
"374","1","1","C:\Users\Mark Meyer\Documents\mega-history\force-app\main\default\classes\MetadataService.cls","773","23","FieldNamingConventions","The instance field name 'type_x' doesn't match '[a-z][a-zA-Z0-9]*'","https://docs.pmd-code.org/pmd-doc-7.4.0/pmd_rules_apex_codestyle.html#fieldnamingconventions","Code Style","pmd"
"375","1","1","C:\Users\Mark Meyer\Documents\mega-history\force-app\main\default\classes\MetadataService.cls","774","26","FieldNamingConventions","The instance field name 'createdById_type_info' doesn't match '[a-z][a-zA-Z0-9]*'","https://docs.pmd-code.org/pmd-doc-7.4.0/pmd_rules_apex_codestyle.html#fieldnamingconventions","Code Style","pmd"
"376","1","1","C:\Users\Mark Meyer\Documents\mega-history\force-app\main\default\classes\MetadataService.cls","775","26","FieldNamingConventions","The instance field name 'createdByName_type_info' doesn't match '[a-z][a-zA-Z0-9]*'","https://docs.pmd-code.org/pmd-doc-7.4.0/pmd_rules_apex_codestyle.html#fieldnamingconventions","Code Style","pmd"
"377","1","1","C:\Users\Mark Meyer\Documents\mega-history\force-app\main\default\classes\MetadataService.cls","776","26","FieldNamingConventions","The instance field name 'createdDate_type_info' doesn't match '[a-z][a-zA-Z0-9]*'","https://docs.pmd-code.org/pmd-doc-7.4.0/pmd_rules_apex_codestyle.html#fieldnamingconventions","Code Style","pmd"
"378","1","1","C:\Users\Mark Meyer\Documents\mega-history\force-app\main\default\classes\MetadataService.cls","777","26","FieldNamingConventions","The instance field name 'fileName_type_info' doesn't match '[a-z][a-zA-Z0-9]*'","https://docs.pmd-code.org/pmd-doc-7.4.0/pmd_rules_apex_codestyle.html#fieldnamingconventions","Code Style","pmd"
"379","1","1","C:\Users\Mark Meyer\Documents\mega-history\force-app\main\default\classes\MetadataService.cls","778","26","FieldNamingConventions","The instance field name 'fullName_type_info' doesn't match '[a-z][a-zA-Z0-9]*'","https://docs.pmd-code.org/pmd-doc-7.4.0/pmd_rules_apex_codestyle.html#fieldnamingconventions","Code Style","pmd"
"380","1","1","C:\Users\Mark Meyer\Documents\mega-history\force-app\main\default\classes\MetadataService.cls","779","26","FieldNamingConventions","The instance field name 'id_type_info' doesn't match '[a-z][a-zA-Z0-9]*'","https://docs.pmd-code.org/pmd-doc-7.4.0/pmd_rules_apex_codestyle.html#fieldnamingconventions","Code Style","pmd"
"381","1","1","C:\Users\Mark Meyer\Documents\mega-history\force-app\main\default\classes\MetadataService.cls","780","26","FieldNamingConventions","The instance field name 'lastModifiedById_type_info' doesn't match '[a-z][a-zA-Z0-9]*'","https://docs.pmd-code.org/pmd-doc-7.4.0/pmd_rules_apex_codestyle.html#fieldnamingconventions","Code Style","pmd"
"382","1","1","C:\Users\Mark Meyer\Documents\mega-history\force-app\main\default\classes\MetadataService.cls","781","26","FieldNamingConventions","The instance field name 'lastModifiedByName_type_info' doesn't match '[a-z][a-zA-Z0-9]*'","https://docs.pmd-code.org/pmd-doc-7.4.0/pmd_rules_apex_codestyle.html#fieldnamingconventions","Code Style","pmd"
"383","1","1","C:\Users\Mark Meyer\Documents\mega-history\force-app\main\default\classes\MetadataService.cls","782","26","FieldNamingConventions","The instance field name 'lastModifiedDate_type_info' doesn't match '[a-z][a-zA-Z0-9]*'","https://docs.pmd-code.org/pmd-doc-7.4.0/pmd_rules_apex_codestyle.html#fieldnamingconventions","Code Style","pmd"
"384","1","1","C:\Users\Mark Meyer\Documents\mega-history\force-app\main\default\classes\MetadataService.cls","783","26","FieldNamingConventions","The instance field name 'manageableState_type_info' doesn't match '[a-z][a-zA-Z0-9]*'","https://docs.pmd-code.org/pmd-doc-7.4.0/pmd_rules_apex_codestyle.html#fieldnamingconventions","Code Style","pmd"
"385","1","1","C:\Users\Mark Meyer\Documents\mega-history\force-app\main\default\classes\MetadataService.cls","784","26","FieldNamingConventions","The instance field name 'namespacePrefix_type_info' doesn't match '[a-z][a-zA-Z0-9]*'","https://docs.pmd-code.org/pmd-doc-7.4.0/pmd_rules_apex_codestyle.html#fieldnamingconventions","Code Style","pmd"
"386","1","1","C:\Users\Mark Meyer\Documents\mega-history\force-app\main\default\classes\MetadataService.cls","785","26","FieldNamingConventions","The instance field name 'type_x_type_info' doesn't match '[a-z][a-zA-Z0-9]*'","https://docs.pmd-code.org/pmd-doc-7.4.0/pmd_rules_apex_codestyle.html#fieldnamingconventions","Code Style","pmd"
"387","1","1","C:\Users\Mark Meyer\Documents\mega-history\force-app\main\default\classes\MetadataService.cls","786","26","FieldNamingConventions","The instance field name 'apex_schema_type_info' doesn't match '[a-z][a-zA-Z0-9]*'","https://docs.pmd-code.org/pmd-doc-7.4.0/pmd_rules_apex_codestyle.html#fieldnamingconventions","Code Style","pmd"
"388","1","1","C:\Users\Mark Meyer\Documents\mega-history\force-app\main\default\classes\MetadataService.cls","787","26","FieldNamingConventions","The instance field name 'field_order_type_info' doesn't match '[a-z][a-zA-Z0-9]*'","https://docs.pmd-code.org/pmd-doc-7.4.0/pmd_rules_apex_codestyle.html#fieldnamingconventions","Code Style","pmd"
"389","1","1","C:\Users\Mark Meyer\Documents\mega-history\force-app\main\default\classes\MetadataService.cls","795","26","FieldNamingConventions","The instance field name 'records_type_info' doesn't match '[a-z][a-zA-Z0-9]*'","https://docs.pmd-code.org/pmd-doc-7.4.0/pmd_rules_apex_codestyle.html#fieldnamingconventions","Code Style","pmd"
"390","1","1","C:\Users\Mark Meyer\Documents\mega-history\force-app\main\default\classes\MetadataService.cls","796","26","FieldNamingConventions","The instance field name 'apex_schema_type_info' doesn't match '[a-z][a-zA-Z0-9]*'","https://docs.pmd-code.org/pmd-doc-7.4.0/pmd_rules_apex_codestyle.html#fieldnamingconventions","Code Style","pmd"
"391","1","1","C:\Users\Mark Meyer\Documents\mega-history\force-app\main\default\classes\MetadataService.cls","797","26","FieldNamingConventions","The instance field name 'field_order_type_info' doesn't match '[a-z][a-zA-Z0-9]*'","https://docs.pmd-code.org/pmd-doc-7.4.0/pmd_rules_apex_codestyle.html#fieldnamingconventions","Code Style","pmd"
"392","3","3","C:\Users\Mark Meyer\Documents\mega-history\force-app\main\default\classes\MetadataService.cls","803","12","TooManyFields","Too many fields","https://docs.pmd-code.org/pmd-doc-7.4.0/pmd_rules_apex_design.html#toomanyfields","Design","pmd"
"393","1","1","C:\Users\Mark Meyer\Documents\mega-history\force-app\main\default\classes\MetadataService.cls","813","26","FieldNamingConventions","The instance field name 'done_type_info' doesn't match '[a-z][a-zA-Z0-9]*'","https://docs.pmd-code.org/pmd-doc-7.4.0/pmd_rules_apex_codestyle.html#fieldnamingconventions","Code Style","pmd"
"394","1","1","C:\Users\Mark Meyer\Documents\mega-history\force-app\main\default\classes\MetadataService.cls","814","26","FieldNamingConventions","The instance field name 'errorMessage_type_info' doesn't match '[a-z][a-zA-Z0-9]*'","https://docs.pmd-code.org/pmd-doc-7.4.0/pmd_rules_apex_codestyle.html#fieldnamingconventions","Code Style","pmd"
"395","1","1","C:\Users\Mark Meyer\Documents\mega-history\force-app\main\default\classes\MetadataService.cls","815","26","FieldNamingConventions","The instance field name 'errorStatusCode_type_info' doesn't match '[a-z][a-zA-Z0-9]*'","https://docs.pmd-code.org/pmd-doc-7.4.0/pmd_rules_apex_codestyle.html#fieldnamingconventions","Code Style","pmd"
"396","1","1","C:\Users\Mark Meyer\Documents\mega-history\force-app\main\default\classes\MetadataService.cls","816","26","FieldNamingConventions","The instance field name 'fileProperties_type_info' doesn't match '[a-z][a-zA-Z0-9]*'","https://docs.pmd-code.org/pmd-doc-7.4.0/pmd_rules_apex_codestyle.html#fieldnamingconventions","Code Style","pmd"
"397","1","1","C:\Users\Mark Meyer\Documents\mega-history\force-app\main\default\classes\MetadataService.cls","817","26","FieldNamingConventions","The instance field name 'id_type_info' doesn't match '[a-z][a-zA-Z0-9]*'","https://docs.pmd-code.org/pmd-doc-7.4.0/pmd_rules_apex_codestyle.html#fieldnamingconventions","Code Style","pmd"
"398","1","1","C:\Users\Mark Meyer\Documents\mega-history\force-app\main\default\classes\MetadataService.cls","818","26","FieldNamingConventions","The instance field name 'messages_type_info' doesn't match '[a-z][a-zA-Z0-9]*'","https://docs.pmd-code.org/pmd-doc-7.4.0/pmd_rules_apex_codestyle.html#fieldnamingconventions","Code Style","pmd"
"399","1","1","C:\Users\Mark Meyer\Documents\mega-history\force-app\main\default\classes\MetadataService.cls","819","26","FieldNamingConventions","The instance field name 'status_type_info' doesn't match '[a-z][a-zA-Z0-9]*'","https://docs.pmd-code.org/pmd-doc-7.4.0/pmd_rules_apex_codestyle.html#fieldnamingconventions","Code Style","pmd"
"400","1","1","C:\Users\Mark Meyer\Documents\mega-history\force-app\main\default\classes\MetadataService.cls","820","26","FieldNamingConventions","The instance field name 'success_type_info' doesn't match '[a-z][a-zA-Z0-9]*'","https://docs.pmd-code.org/pmd-doc-7.4.0/pmd_rules_apex_codestyle.html#fieldnamingconventions","Code Style","pmd"
"401","1","1","C:\Users\Mark Meyer\Documents\mega-history\force-app\main\default\classes\MetadataService.cls","821","26","FieldNamingConventions","The instance field name 'zipFile_type_info' doesn't match '[a-z][a-zA-Z0-9]*'","https://docs.pmd-code.org/pmd-doc-7.4.0/pmd_rules_apex_codestyle.html#fieldnamingconventions","Code Style","pmd"
"402","1","1","C:\Users\Mark Meyer\Documents\mega-history\force-app\main\default\classes\MetadataService.cls","822","26","FieldNamingConventions","The instance field name 'apex_schema_type_info' doesn't match '[a-z][a-zA-Z0-9]*'","https://docs.pmd-code.org/pmd-doc-7.4.0/pmd_rules_apex_codestyle.html#fieldnamingconventions","Code Style","pmd"
"403","1","1","C:\Users\Mark Meyer\Documents\mega-history\force-app\main\default\classes\MetadataService.cls","823","26","FieldNamingConventions","The instance field name 'field_order_type_info' doesn't match '[a-z][a-zA-Z0-9]*'","https://docs.pmd-code.org/pmd-doc-7.4.0/pmd_rules_apex_codestyle.html#fieldnamingconventions","Code Style","pmd"
"404","1","1","C:\Users\Mark Meyer\Documents\mega-history\force-app\main\default\classes\MetadataService.cls","829","12","ClassNamingConventions","The inner class name 'cancelDeployResponse_element' doesn't match '[A-Z][a-zA-Z0-9_]*'","https://docs.pmd-code.org/pmd-doc-7.4.0/pmd_rules_apex_codestyle.html#classnamingconventions","Code Style","pmd"
"405","1","1","C:\Users\Mark Meyer\Documents\mega-history\force-app\main\default\classes\MetadataService.cls","831","26","FieldNamingConventions","The instance field name 'result_type_info' doesn't match '[a-z][a-zA-Z0-9]*'","https://docs.pmd-code.org/pmd-doc-7.4.0/pmd_rules_apex_codestyle.html#fieldnamingconventions","Code Style","pmd"
"406","1","1","C:\Users\Mark Meyer\Documents\mega-history\force-app\main\default\classes\MetadataService.cls","832","26","FieldNamingConventions","The instance field name 'apex_schema_type_info' doesn't match '[a-z][a-zA-Z0-9]*'","https://docs.pmd-code.org/pmd-doc-7.4.0/pmd_rules_apex_codestyle.html#fieldnamingconventions","Code Style","pmd"
"407","1","1","C:\Users\Mark Meyer\Documents\mega-history\force-app\main\default\classes\MetadataService.cls","833","26","FieldNamingConventions","The instance field name 'field_order_type_info' doesn't match '[a-z][a-zA-Z0-9]*'","https://docs.pmd-code.org/pmd-doc-7.4.0/pmd_rules_apex_codestyle.html#fieldnamingconventions","Code Style","pmd"
"408","3","3","C:\Users\Mark Meyer\Documents\mega-history\force-app\main\default\classes\MetadataService.cls","839","12","TooManyFields","Too many fields","https://docs.pmd-code.org/pmd-doc-7.4.0/pmd_rules_apex_design.html#toomanyfields","Design","pmd"
"409","1","1","C:\Users\Mark Meyer\Documents\mega-history\force-app\main\default\classes\MetadataService.cls","853","26","FieldNamingConventions","The instance field name 'changed_type_info' doesn't match '[a-z][a-zA-Z0-9]*'","https://docs.pmd-code.org/pmd-doc-7.4.0/pmd_rules_apex_codestyle.html#fieldnamingconventions","Code Style","pmd"
"410","1","1","C:\Users\Mark Meyer\Documents\mega-history\force-app\main\default\classes\MetadataService.cls","854","26","FieldNamingConventions","The instance field name 'columnNumber_type_info' doesn't match '[a-z][a-zA-Z0-9]*'","https://docs.pmd-code.org/pmd-doc-7.4.0/pmd_rules_apex_codestyle.html#fieldnamingconventions","Code Style","pmd"
"411","1","1","C:\Users\Mark Meyer\Documents\mega-history\force-app\main\default\classes\MetadataService.cls","855","26","FieldNamingConventions","The instance field name 'componentType_type_info' doesn't match '[a-z][a-zA-Z0-9]*'","https://docs.pmd-code.org/pmd-doc-7.4.0/pmd_rules_apex_codestyle.html#fieldnamingconventions","Code Style","pmd"
"412","1","1","C:\Users\Mark Meyer\Documents\mega-history\force-app\main\default\classes\MetadataService.cls","856","26","FieldNamingConventions","The instance field name 'created_type_info' doesn't match '[a-z][a-zA-Z0-9]*'","https://docs.pmd-code.org/pmd-doc-7.4.0/pmd_rules_apex_codestyle.html#fieldnamingconventions","Code Style","pmd"
"413","1","1","C:\Users\Mark Meyer\Documents\mega-history\force-app\main\default\classes\MetadataService.cls","857","26","FieldNamingConventions","The instance field name 'createdDate_type_info' doesn't match '[a-z][a-zA-Z0-9]*'","https://docs.pmd-code.org/pmd-doc-7.4.0/pmd_rules_apex_codestyle.html#fieldnamingconventions","Code Style","pmd"
"414","1","1","C:\Users\Mark Meyer\Documents\mega-history\force-app\main\default\classes\MetadataService.cls","858","26","FieldNamingConventions","The instance field name 'deleted_type_info' doesn't match '[a-z][a-zA-Z0-9]*'","https://docs.pmd-code.org/pmd-doc-7.4.0/pmd_rules_apex_codestyle.html#fieldnamingconventions","Code Style","pmd"
"415","1","1","C:\Users\Mark Meyer\Documents\mega-history\force-app\main\default\classes\MetadataService.cls","859","26","FieldNamingConventions","The instance field name 'fileName_type_info' doesn't match '[a-z][a-zA-Z0-9]*'","https://docs.pmd-code.org/pmd-doc-7.4.0/pmd_rules_apex_codestyle.html#fieldnamingconventions","Code Style","pmd"
"416","1","1","C:\Users\Mark Meyer\Documents\mega-history\force-app\main\default\classes\MetadataService.cls","860","26","FieldNamingConventions","The instance field name 'fullName_type_info' doesn't match '[a-z][a-zA-Z0-9]*'","https://docs.pmd-code.org/pmd-doc-7.4.0/pmd_rules_apex_codestyle.html#fieldnamingconventions","Code Style","pmd"
"417","1","1","C:\Users\Mark Meyer\Documents\mega-history\force-app\main\default\classes\MetadataService.cls","861","26","FieldNamingConventions","The instance field name 'id_type_info' doesn't match '[a-z][a-zA-Z0-9]*'","https://docs.pmd-code.org/pmd-doc-7.4.0/pmd_rules_apex_codestyle.html#fieldnamingconventions","Code Style","pmd"
"418","1","1","C:\Users\Mark Meyer\Documents\mega-history\force-app\main\default\classes\MetadataService.cls","862","26","FieldNamingConventions","The instance field name 'lineNumber_type_info' doesn't match '[a-z][a-zA-Z0-9]*'","https://docs.pmd-code.org/pmd-doc-7.4.0/pmd_rules_apex_codestyle.html#fieldnamingconventions","Code Style","pmd"
"419","1","1","C:\Users\Mark Meyer\Documents\mega-history\force-app\main\default\classes\MetadataService.cls","863","26","FieldNamingConventions","The instance field name 'problem_type_info' doesn't match '[a-z][a-zA-Z0-9]*'","https://docs.pmd-code.org/pmd-doc-7.4.0/pmd_rules_apex_codestyle.html#fieldnamingconventions","Code Style","pmd"
"420","1","1","C:\Users\Mark Meyer\Documents\mega-history\force-app\main\default\classes\MetadataService.cls","864","26","FieldNamingConventions","The instance field name 'problemType_type_info' doesn't match '[a-z][a-zA-Z0-9]*'","https://docs.pmd-code.org/pmd-doc-7.4.0/pmd_rules_apex_codestyle.html#fieldnamingconventions","Code Style","pmd"
"421","1","1","C:\Users\Mark Meyer\Documents\mega-history\force-app\main\default\classes\MetadataService.cls","865","26","FieldNamingConventions","The instance field name 'success_type_info' doesn't match '[a-z][a-zA-Z0-9]*'","https://docs.pmd-code.org/pmd-doc-7.4.0/pmd_rules_apex_codestyle.html#fieldnamingconventions","Code Style","pmd"
"422","1","1","C:\Users\Mark Meyer\Documents\mega-history\force-app\main\default\classes\MetadataService.cls","866","26","FieldNamingConventions","The instance field name 'apex_schema_type_info' doesn't match '[a-z][a-zA-Z0-9]*'","https://docs.pmd-code.org/pmd-doc-7.4.0/pmd_rules_apex_codestyle.html#fieldnamingconventions","Code Style","pmd"
"423","1","1","C:\Users\Mark Meyer\Documents\mega-history\force-app\main\default\classes\MetadataService.cls","867","26","FieldNamingConventions","The instance field name 'field_order_type_info' doesn't match '[a-z][a-zA-Z0-9]*'","https://docs.pmd-code.org/pmd-doc-7.4.0/pmd_rules_apex_codestyle.html#fieldnamingconventions","Code Style","pmd"
"424","1","1","C:\Users\Mark Meyer\Documents\mega-history\force-app\main\default\classes\MetadataService.cls","873","12","ClassNamingConventions","The inner class name 'checkRetrieveStatus_element' doesn't match '[A-Z][a-zA-Z0-9_]*'","https://docs.pmd-code.org/pmd-doc-7.4.0/pmd_rules_apex_codestyle.html#classnamingconventions","Code Style","pmd"
"425","1","1","C:\Users\Mark Meyer\Documents\mega-history\force-app\main\default\classes\MetadataService.cls","876","26","FieldNamingConventions","The instance field name 'asyncProcessId_type_info' doesn't match '[a-z][a-zA-Z0-9]*'","https://docs.pmd-code.org/pmd-doc-7.4.0/pmd_rules_apex_codestyle.html#fieldnamingconventions","Code Style","pmd"
"426","1","1","C:\Users\Mark Meyer\Documents\mega-history\force-app\main\default\classes\MetadataService.cls","877","26","FieldNamingConventions","The instance field name 'includeZip_type_info' doesn't match '[a-z][a-zA-Z0-9]*'","https://docs.pmd-code.org/pmd-doc-7.4.0/pmd_rules_apex_codestyle.html#fieldnamingconventions","Code Style","pmd"
"427","1","1","C:\Users\Mark Meyer\Documents\mega-history\force-app\main\default\classes\MetadataService.cls","878","26","FieldNamingConventions","The instance field name 'apex_schema_type_info' doesn't match '[a-z][a-zA-Z0-9]*'","https://docs.pmd-code.org/pmd-doc-7.4.0/pmd_rules_apex_codestyle.html#fieldnamingconventions","Code Style","pmd"
"428","1","1","C:\Users\Mark Meyer\Documents\mega-history\force-app\main\default\classes\MetadataService.cls","879","26","FieldNamingConventions","The instance field name 'field_order_type_info' doesn't match '[a-z][a-zA-Z0-9]*'","https://docs.pmd-code.org/pmd-doc-7.4.0/pmd_rules_apex_codestyle.html#fieldnamingconventions","Code Style","pmd"
"429","3","3","C:\Users\Mark Meyer\Documents\mega-history\force-app\main\default\classes\MetadataService.cls","885","12","TooManyFields","Too many fields","https://docs.pmd-code.org/pmd-doc-7.4.0/pmd_rules_apex_design.html#toomanyfields","Design","pmd"
"430","1","1","C:\Users\Mark Meyer\Documents\mega-history\force-app\main\default\classes\MetadataService.cls","888","26","FieldNamingConventions","The instance field name 'fullName_type_info' doesn't match '[a-z][a-zA-Z0-9]*'","https://docs.pmd-code.org/pmd-doc-7.4.0/pmd_rules_apex_codestyle.html#fieldnamingconventions","Code Style","pmd"
"431","1","1","C:\Users\Mark Meyer\Documents\mega-history\force-app\main\default\classes\MetadataService.cls","897","26","FieldNamingConventions","The instance field name 'apiAccessLevel_type_info' doesn't match '[a-z][a-zA-Z0-9]*'","https://docs.pmd-code.org/pmd-doc-7.4.0/pmd_rules_apex_codestyle.html#fieldnamingconventions","Code Style","pmd"
"432","1","1","C:\Users\Mark Meyer\Documents\mega-history\force-app\main\default\classes\MetadataService.cls","898","26","FieldNamingConventions","The instance field name 'description_type_info' doesn't match '[a-z][a-zA-Z0-9]*'","https://docs.pmd-code.org/pmd-doc-7.4.0/pmd_rules_apex_codestyle.html#fieldnamingconventions","Code Style","pmd"
"433","1","1","C:\Users\Mark Meyer\Documents\mega-history\force-app\main\default\classes\MetadataService.cls","899","26","FieldNamingConventions","The instance field name 'namespacePrefix_type_info' doesn't match '[a-z][a-zA-Z0-9]*'","https://docs.pmd-code.org/pmd-doc-7.4.0/pmd_rules_apex_codestyle.html#fieldnamingconventions","Code Style","pmd"
"434","1","1","C:\Users\Mark Meyer\Documents\mega-history\force-app\main\default\classes\MetadataService.cls","900","26","FieldNamingConventions","The instance field name 'objectPermissions_type_info' doesn't match '[a-z][a-zA-Z0-9]*'","https://docs.pmd-code.org/pmd-doc-7.4.0/pmd_rules_apex_codestyle.html#fieldnamingconventions","Code Style","pmd"
"435","1","1","C:\Users\Mark Meyer\Documents\mega-history\force-app\main\default\classes\MetadataService.cls","901","26","FieldNamingConventions","The instance field name 'packageType_type_info' doesn't match '[a-z][a-zA-Z0-9]*'","https://docs.pmd-code.org/pmd-doc-7.4.0/pmd_rules_apex_codestyle.html#fieldnamingconventions","Code Style","pmd"
"436","1","1","C:\Users\Mark Meyer\Documents\mega-history\force-app\main\default\classes\MetadataService.cls","902","26","FieldNamingConventions","The instance field name 'postInstallClass_type_info' doesn't match '[a-z][a-zA-Z0-9]*'","https://docs.pmd-code.org/pmd-doc-7.4.0/pmd_rules_apex_codestyle.html#fieldnamingconventions","Code Style","pmd"
"437","1","1","C:\Users\Mark Meyer\Documents\mega-history\force-app\main\default\classes\MetadataService.cls","903","26","FieldNamingConventions","The instance field name 'setupWeblink_type_info' doesn't match '[a-z][a-zA-Z0-9]*'","https://docs.pmd-code.org/pmd-doc-7.4.0/pmd_rules_apex_codestyle.html#fieldnamingconventions","Code Style","pmd"
"438","1","1","C:\Users\Mark Meyer\Documents\mega-history\force-app\main\default\classes\MetadataService.cls","904","26","FieldNamingConventions","The instance field name 'types_type_info' doesn't match '[a-z][a-zA-Z0-9]*'","https://docs.pmd-code.org/pmd-doc-7.4.0/pmd_rules_apex_codestyle.html#fieldnamingconventions","Code Style","pmd"
"439","1","1","C:\Users\Mark Meyer\Documents\mega-history\force-app\main\default\classes\MetadataService.cls","905","26","FieldNamingConventions","The instance field name 'uninstallClass_type_info' doesn't match '[a-z][a-zA-Z0-9]*'","https://docs.pmd-code.org/pmd-doc-7.4.0/pmd_rules_apex_codestyle.html#fieldnamingconventions","Code Style","pmd"
"440","1","1","C:\Users\Mark Meyer\Documents\mega-history\force-app\main\default\classes\MetadataService.cls","906","26","FieldNamingConventions","The instance field name 'version_type_info' doesn't match '[a-z][a-zA-Z0-9]*'","https://docs.pmd-code.org/pmd-doc-7.4.0/pmd_rules_apex_codestyle.html#fieldnamingconventions","Code Style","pmd"
"441","1","1","C:\Users\Mark Meyer\Documents\mega-history\force-app\main\default\classes\MetadataService.cls","907","26","FieldNamingConventions","The instance field name 'apex_schema_type_info' doesn't match '[a-z][a-zA-Z0-9]*'","https://docs.pmd-code.org/pmd-doc-7.4.0/pmd_rules_apex_codestyle.html#fieldnamingconventions","Code Style","pmd"
"442","1","1","C:\Users\Mark Meyer\Documents\mega-history\force-app\main\default\classes\MetadataService.cls","908","26","FieldNamingConventions","The instance field name 'type_att_info' doesn't match '[a-z][a-zA-Z0-9]*'","https://docs.pmd-code.org/pmd-doc-7.4.0/pmd_rules_apex_codestyle.html#fieldnamingconventions","Code Style","pmd"
"443","1","1","C:\Users\Mark Meyer\Documents\mega-history\force-app\main\default\classes\MetadataService.cls","909","26","FieldNamingConventions","The instance field name 'field_order_type_info' doesn't match '[a-z][a-zA-Z0-9]*'","https://docs.pmd-code.org/pmd-doc-7.4.0/pmd_rules_apex_codestyle.html#fieldnamingconventions","Code Style","pmd"
"444","1","1","C:\Users\Mark Meyer\Documents\mega-history\force-app\main\default\classes\MetadataService.cls","920","26","FieldNamingConventions","The instance field name 'metadataObjects_type_info' doesn't match '[a-z][a-zA-Z0-9]*'","https://docs.pmd-code.org/pmd-doc-7.4.0/pmd_rules_apex_codestyle.html#fieldnamingconventions","Code Style","pmd"
"445","1","1","C:\Users\Mark Meyer\Documents\mega-history\force-app\main\default\classes\MetadataService.cls","921","26","FieldNamingConventions","The instance field name 'organizationNamespace_type_info' doesn't match '[a-z][a-zA-Z0-9]*'","https://docs.pmd-code.org/pmd-doc-7.4.0/pmd_rules_apex_codestyle.html#fieldnamingconventions","Code Style","pmd"
"446","1","1","C:\Users\Mark Meyer\Documents\mega-history\force-app\main\default\classes\MetadataService.cls","922","26","FieldNamingConventions","The instance field name 'partialSaveAllowed_type_info' doesn't match '[a-z][a-zA-Z0-9]*'","https://docs.pmd-code.org/pmd-doc-7.4.0/pmd_rules_apex_codestyle.html#fieldnamingconventions","Code Style","pmd"
"447","1","1","C:\Users\Mark Meyer\Documents\mega-history\force-app\main\default\classes\MetadataService.cls","923","26","FieldNamingConventions","The instance field name 'testRequired_type_info' doesn't match '[a-z][a-zA-Z0-9]*'","https://docs.pmd-code.org/pmd-doc-7.4.0/pmd_rules_apex_codestyle.html#fieldnamingconventions","Code Style","pmd"
"448","1","1","C:\Users\Mark Meyer\Documents\mega-history\force-app\main\default\classes\MetadataService.cls","924","26","FieldNamingConventions","The instance field name 'apex_schema_type_info' doesn't match '[a-z][a-zA-Z0-9]*'","https://docs.pmd-code.org/pmd-doc-7.4.0/pmd_rules_apex_codestyle.html#fieldnamingconventions","Code Style","pmd"
"449","1","1","C:\Users\Mark Meyer\Documents\mega-history\force-app\main\default\classes\MetadataService.cls","925","26","FieldNamingConventions","The instance field name 'field_order_type_info' doesn't match '[a-z][a-zA-Z0-9]*'","https://docs.pmd-code.org/pmd-doc-7.4.0/pmd_rules_apex_codestyle.html#fieldnamingconventions","Code Style","pmd"
"450","1","1","C:\Users\Mark Meyer\Documents\mega-history\force-app\main\default\classes\MetadataService.cls","931","12","ClassNamingConventions","The inner class name 'deleteMetadataResponse_element' doesn't match '[A-Z][a-zA-Z0-9_]*'","https://docs.pmd-code.org/pmd-doc-7.4.0/pmd_rules_apex_codestyle.html#classnamingconventions","Code Style","pmd"
"451","1","1","C:\Users\Mark Meyer\Documents\mega-history\force-app\main\default\classes\MetadataService.cls","933","26","FieldNamingConventions","The instance field name 'result_type_info' doesn't match '[a-z][a-zA-Z0-9]*'","https://docs.pmd-code.org/pmd-doc-7.4.0/pmd_rules_apex_codestyle.html#fieldnamingconventions","Code Style","pmd"
"452","1","1","C:\Users\Mark Meyer\Documents\mega-history\force-app\main\default\classes\MetadataService.cls","934","26","FieldNamingConventions","The instance field name 'apex_schema_type_info' doesn't match '[a-z][a-zA-Z0-9]*'","https://docs.pmd-code.org/pmd-doc-7.4.0/pmd_rules_apex_codestyle.html#fieldnamingconventions","Code Style","pmd"
"453","1","1","C:\Users\Mark Meyer\Documents\mega-history\force-app\main\default\classes\MetadataService.cls","935","26","FieldNamingConventions","The instance field name 'field_order_type_info' doesn't match '[a-z][a-zA-Z0-9]*'","https://docs.pmd-code.org/pmd-doc-7.4.0/pmd_rules_apex_codestyle.html#fieldnamingconventions","Code Style","pmd"
"454","1","1","C:\Users\Mark Meyer\Documents\mega-history\force-app\main\default\classes\MetadataService.cls","945","23","FieldNamingConventions","The instance field name 'time_x' doesn't match '[a-z][a-zA-Z0-9]*'","https://docs.pmd-code.org/pmd-doc-7.4.0/pmd_rules_apex_codestyle.html#fieldnamingconventions","Code Style","pmd"
"455","1","1","C:\Users\Mark Meyer\Documents\mega-history\force-app\main\default\classes\MetadataService.cls","946","26","FieldNamingConventions","The instance field name 'column_type_info' doesn't match '[a-z][a-zA-Z0-9]*'","https://docs.pmd-code.org/pmd-doc-7.4.0/pmd_rules_apex_codestyle.html#fieldnamingconventions","Code Style","pmd"
"456","1","1","C:\Users\Mark Meyer\Documents\mega-history\force-app\main\default\classes\MetadataService.cls","947","26","FieldNamingConventions","The instance field name 'line_type_info' doesn't match '[a-z][a-zA-Z0-9]*'","https://docs.pmd-code.org/pmd-doc-7.4.0/pmd_rules_apex_codestyle.html#fieldnamingconventions","Code Style","pmd"
"457","1","1","C:\Users\Mark Meyer\Documents\mega-history\force-app\main\default\classes\MetadataService.cls","948","26","FieldNamingConventions","The instance field name 'numExecutions_type_info' doesn't match '[a-z][a-zA-Z0-9]*'","https://docs.pmd-code.org/pmd-doc-7.4.0/pmd_rules_apex_codestyle.html#fieldnamingconventions","Code Style","pmd"
"458","1","1","C:\Users\Mark Meyer\Documents\mega-history\force-app\main\default\classes\MetadataService.cls","949","26","FieldNamingConventions","The instance field name 'time_x_type_info' doesn't match '[a-z][a-zA-Z0-9]*'","https://docs.pmd-code.org/pmd-doc-7.4.0/pmd_rules_apex_codestyle.html#fieldnamingconventions","Code Style","pmd"
"459","1","1","C:\Users\Mark Meyer\Documents\mega-history\force-app\main\default\classes\MetadataService.cls","950","26","FieldNamingConventions","The instance field name 'apex_schema_type_info' doesn't match '[a-z][a-zA-Z0-9]*'","https://docs.pmd-code.org/pmd-doc-7.4.0/pmd_rules_apex_codestyle.html#fieldnamingconventions","Code Style","pmd"
"460","1","1","C:\Users\Mark Meyer\Documents\mega-history\force-app\main\default\classes\MetadataService.cls","951","26","FieldNamingConventions","The instance field name 'field_order_type_info' doesn't match '[a-z][a-zA-Z0-9]*'","https://docs.pmd-code.org/pmd-doc-7.4.0/pmd_rules_apex_codestyle.html#fieldnamingconventions","Code Style","pmd"
"461","1","1","C:\Users\Mark Meyer\Documents\mega-history\force-app\main\default\classes\MetadataService.cls","960","26","FieldNamingConventions","The instance field name 'fullName_type_info' doesn't match '[a-z][a-zA-Z0-9]*'","https://docs.pmd-code.org/pmd-doc-7.4.0/pmd_rules_apex_codestyle.html#fieldnamingconventions","Code Style","pmd"
"462","1","1","C:\Users\Mark Meyer\Documents\mega-history\force-app\main\default\classes\MetadataService.cls","965","26","FieldNamingConventions","The instance field name 'description_type_info' doesn't match '[a-z][a-zA-Z0-9]*'","https://docs.pmd-code.org/pmd-doc-7.4.0/pmd_rules_apex_codestyle.html#fieldnamingconventions","Code Style","pmd"
"463","1","1","C:\Users\Mark Meyer\Documents\mega-history\force-app\main\default\classes\MetadataService.cls","966","26","FieldNamingConventions","The instance field name 'disableProtocolSecurity_type_info' doesn't match '[a-z][a-zA-Z0-9]*'","https://docs.pmd-code.org/pmd-doc-7.4.0/pmd_rules_apex_codestyle.html#fieldnamingconventions","Code Style","pmd"
"464","1","1","C:\Users\Mark Meyer\Documents\mega-history\force-app\main\default\classes\MetadataService.cls","967","26","FieldNamingConventions","The instance field name 'isActive_type_info' doesn't match '[a-z][a-zA-Z0-9]*'","https://docs.pmd-code.org/pmd-doc-7.4.0/pmd_rules_apex_codestyle.html#fieldnamingconventions","Code Style","pmd"
"465","1","1","C:\Users\Mark Meyer\Documents\mega-history\force-app\main\default\classes\MetadataService.cls","968","26","FieldNamingConventions","The instance field name 'url_type_info' doesn't match '[a-z][a-zA-Z0-9]*'","https://docs.pmd-code.org/pmd-doc-7.4.0/pmd_rules_apex_codestyle.html#fieldnamingconventions","Code Style","pmd"
"466","1","1","C:\Users\Mark Meyer\Documents\mega-history\force-app\main\default\classes\MetadataService.cls","969","26","FieldNamingConventions","The instance field name 'apex_schema_type_info' doesn't match '[a-z][a-zA-Z0-9]*'","https://docs.pmd-code.org/pmd-doc-7.4.0/pmd_rules_apex_codestyle.html#fieldnamingconventions","Code Style","pmd"
"467","1","1","C:\Users\Mark Meyer\Documents\mega-history\force-app\main\default\classes\MetadataService.cls","970","26","FieldNamingConventions","The instance field name 'type_att_info' doesn't match '[a-z][a-zA-Z0-9]*'","https://docs.pmd-code.org/pmd-doc-7.4.0/pmd_rules_apex_codestyle.html#fieldnamingconventions","Code Style","pmd"
"468","1","1","C:\Users\Mark Meyer\Documents\mega-history\force-app\main\default\classes\MetadataService.cls","971","26","FieldNamingConventions","The instance field name 'field_order_type_info' doesn't match '[a-z][a-zA-Z0-9]*'","https://docs.pmd-code.org/pmd-doc-7.4.0/pmd_rules_apex_codestyle.html#fieldnamingconventions","Code Style","pmd"
"469","1","1","C:\Users\Mark Meyer\Documents\mega-history\force-app\main\default\classes\MetadataService.cls","980","26","FieldNamingConventions","The instance field name 'fileName_type_info' doesn't match '[a-z][a-zA-Z0-9]*'","https://docs.pmd-code.org/pmd-doc-7.4.0/pmd_rules_apex_codestyle.html#fieldnamingconventions","Code Style","pmd"
"470","1","1","C:\Users\Mark Meyer\Documents\mega-history\force-app\main\default\classes\MetadataService.cls","981","26","FieldNamingConventions","The instance field name 'problem_type_info' doesn't match '[a-z][a-zA-Z0-9]*'","https://docs.pmd-code.org/pmd-doc-7.4.0/pmd_rules_apex_codestyle.html#fieldnamingconventions","Code Style","pmd"
"471","1","1","C:\Users\Mark Meyer\Documents\mega-history\force-app\main\default\classes\MetadataService.cls","982","26","FieldNamingConventions","The instance field name 'apex_schema_type_info' doesn't match '[a-z][a-zA-Z0-9]*'","https://docs.pmd-code.org/pmd-doc-7.4.0/pmd_rules_apex_codestyle.html#fieldnamingconventions","Code Style","pmd"
"472","1","1","C:\Users\Mark Meyer\Documents\mega-history\force-app\main\default\classes\MetadataService.cls","983","26","FieldNamingConventions","The instance field name 'field_order_type_info' doesn't match '[a-z][a-zA-Z0-9]*'","https://docs.pmd-code.org/pmd-doc-7.4.0/pmd_rules_apex_codestyle.html#fieldnamingconventions","Code Style","pmd"
"473","1","1","C:\Users\Mark Meyer\Documents\mega-history\force-app\main\default\classes\MetadataService.cls","989","12","ClassNamingConventions","The inner class name 'deploy_element' doesn't match '[A-Z][a-zA-Z0-9_]*'","https://docs.pmd-code.org/pmd-doc-7.4.0/pmd_rules_apex_codestyle.html#classnamingconventions","Code Style","pmd"
"474","1","1","C:\Users\Mark Meyer\Documents\mega-history\force-app\main\default\classes\MetadataService.cls","990","23","FieldNamingConventions","The instance field name 'ZipFile' doesn't match '[a-z][a-zA-Z0-9]*'","https://docs.pmd-code.org/pmd-doc-7.4.0/pmd_rules_apex_codestyle.html#fieldnamingconventions","Code Style","pmd"
"475","1","1","C:\Users\Mark Meyer\Documents\mega-history\force-app\main\default\classes\MetadataService.cls","991","46","FieldNamingConventions","The instance field name 'DeployOptions' doesn't match '[a-z][a-zA-Z0-9]*'","https://docs.pmd-code.org/pmd-doc-7.4.0/pmd_rules_apex_codestyle.html#fieldnamingconventions","Code Style","pmd"
"476","1","1","C:\Users\Mark Meyer\Documents\mega-history\force-app\main\default\classes\MetadataService.cls","992","26","FieldNamingConventions","The instance field name 'ZipFile_type_info' doesn't match '[a-z][a-zA-Z0-9]*'","https://docs.pmd-code.org/pmd-doc-7.4.0/pmd_rules_apex_codestyle.html#fieldnamingconventions","Code Style","pmd"
"477","1","1","C:\Users\Mark Meyer\Documents\mega-history\force-app\main\default\classes\MetadataService.cls","993","26","FieldNamingConventions","The instance field name 'DeployOptions_type_info' doesn't match '[a-z][a-zA-Z0-9]*'","https://docs.pmd-code.org/pmd-doc-7.4.0/pmd_rules_apex_codestyle.html#fieldnamingconventions","Code Style","pmd"
"478","1","1","C:\Users\Mark Meyer\Documents\mega-history\force-app\main\default\classes\MetadataService.cls","994","26","FieldNamingConventions","The instance field name 'apex_schema_type_info' doesn't match '[a-z][a-zA-Z0-9]*'","https://docs.pmd-code.org/pmd-doc-7.4.0/pmd_rules_apex_codestyle.html#fieldnamingconventions","Code Style","pmd"
"479","1","1","C:\Users\Mark Meyer\Documents\mega-history\force-app\main\default\classes\MetadataService.cls","995","26","FieldNamingConventions","The instance field name 'field_order_type_info' doesn't match '[a-z][a-zA-Z0-9]*'","https://docs.pmd-code.org/pmd-doc-7.4.0/pmd_rules_apex_codestyle.html#fieldnamingconventions","Code Style","pmd"
"480","3","3","C:\Users\Mark Meyer\Documents\mega-history\force-app\main\default\classes\MetadataService.cls","1001","12","ExcessivePublicCount","The class DeployResult has 26 public methods, attributes, and properties (limit: 20)","https://docs.pmd-code.org/pmd-doc-7.4.0/pmd_rules_apex_design.html#excessivepubliccount","Design","pmd"
"481","3","3","C:\Users\Mark Meyer\Documents\mega-history\force-app\main\default\classes\MetadataService.cls","1001","12","TooManyFields","Too many fields","https://docs.pmd-code.org/pmd-doc-7.4.0/pmd_rules_apex_design.html#toomanyfields","Design","pmd"
"482","1","1","C:\Users\Mark Meyer\Documents\mega-history\force-app\main\default\classes\MetadataService.cls","1028","26","FieldNamingConventions","The instance field name 'canceledBy_type_info' doesn't match '[a-z][a-zA-Z0-9]*'","https://docs.pmd-code.org/pmd-doc-7.4.0/pmd_rules_apex_codestyle.html#fieldnamingconventions","Code Style","pmd"
"483","1","1","C:\Users\Mark Meyer\Documents\mega-history\force-app\main\default\classes\MetadataService.cls","1029","26","FieldNamingConventions","The instance field name 'canceledByName_type_info' doesn't match '[a-z][a-zA-Z0-9]*'","https://docs.pmd-code.org/pmd-doc-7.4.0/pmd_rules_apex_codestyle.html#fieldnamingconventions","Code Style","pmd"
"484","1","1","C:\Users\Mark Meyer\Documents\mega-history\force-app\main\default\classes\MetadataService.cls","1030","26","FieldNamingConventions","The instance field name 'checkOnly_type_info' doesn't match '[a-z][a-zA-Z0-9]*'","https://docs.pmd-code.org/pmd-doc-7.4.0/pmd_rules_apex_codestyle.html#fieldnamingconventions","Code Style","pmd"
"485","1","1","C:\Users\Mark Meyer\Documents\mega-history\force-app\main\default\classes\MetadataService.cls","1031","26","FieldNamingConventions","The instance field name 'completedDate_type_info' doesn't match '[a-z][a-zA-Z0-9]*'","https://docs.pmd-code.org/pmd-doc-7.4.0/pmd_rules_apex_codestyle.html#fieldnamingconventions","Code Style","pmd"
"486","1","1","C:\Users\Mark Meyer\Documents\mega-history\force-app\main\default\classes\MetadataService.cls","1032","26","FieldNamingConventions","The instance field name 'createdBy_type_info' doesn't match '[a-z][a-zA-Z0-9]*'","https://docs.pmd-code.org/pmd-doc-7.4.0/pmd_rules_apex_codestyle.html#fieldnamingconventions","Code Style","pmd"
"487","1","1","C:\Users\Mark Meyer\Documents\mega-history\force-app\main\default\classes\MetadataService.cls","1033","26","FieldNamingConventions","The instance field name 'createdByName_type_info' doesn't match '[a-z][a-zA-Z0-9]*'","https://docs.pmd-code.org/pmd-doc-7.4.0/pmd_rules_apex_codestyle.html#fieldnamingconventions","Code Style","pmd"
"488","1","1","C:\Users\Mark Meyer\Documents\mega-history\force-app\main\default\classes\MetadataService.cls","1034","26","FieldNamingConventions","The instance field name 'createdDate_type_info' doesn't match '[a-z][a-zA-Z0-9]*'","https://docs.pmd-code.org/pmd-doc-7.4.0/pmd_rules_apex_codestyle.html#fieldnamingconventions","Code Style","pmd"
"489","1","1","C:\Users\Mark Meyer\Documents\mega-history\force-app\main\default\classes\MetadataService.cls","1035","26","FieldNamingConventions","The instance field name 'details_type_info' doesn't match '[a-z][a-zA-Z0-9]*'","https://docs.pmd-code.org/pmd-doc-7.4.0/pmd_rules_apex_codestyle.html#fieldnamingconventions","Code Style","pmd"
"490","1","1","C:\Users\Mark Meyer\Documents\mega-history\force-app\main\default\classes\MetadataService.cls","1036","26","FieldNamingConventions","The instance field name 'done_type_info' doesn't match '[a-z][a-zA-Z0-9]*'","https://docs.pmd-code.org/pmd-doc-7.4.0/pmd_rules_apex_codestyle.html#fieldnamingconventions","Code Style","pmd"
"491","1","1","C:\Users\Mark Meyer\Documents\mega-history\force-app\main\default\classes\MetadataService.cls","1037","26","FieldNamingConventions","The instance field name 'errorMessage_type_info' doesn't match '[a-z][a-zA-Z0-9]*'","https://docs.pmd-code.org/pmd-doc-7.4.0/pmd_rules_apex_codestyle.html#fieldnamingconventions","Code Style","pmd"
"492","1","1","C:\Users\Mark Meyer\Documents\mega-history\force-app\main\default\classes\MetadataService.cls","1038","26","FieldNamingConventions","The instance field name 'errorStatusCode_type_info' doesn't match '[a-z][a-zA-Z0-9]*'","https://docs.pmd-code.org/pmd-doc-7.4.0/pmd_rules_apex_codestyle.html#fieldnamingconventions","Code Style","pmd"
"493","1","1","C:\Users\Mark Meyer\Documents\mega-history\force-app\main\default\classes\MetadataService.cls","1039","26","FieldNamingConventions","The instance field name 'id_type_info' doesn't match '[a-z][a-zA-Z0-9]*'","https://docs.pmd-code.org/pmd-doc-7.4.0/pmd_rules_apex_codestyle.html#fieldnamingconventions","Code Style","pmd"
"494","1","1","C:\Users\Mark Meyer\Documents\mega-history\force-app\main\default\classes\MetadataService.cls","1040","26","FieldNamingConventions","The instance field name 'ignoreWarnings_type_info' doesn't match '[a-z][a-zA-Z0-9]*'","https://docs.pmd-code.org/pmd-doc-7.4.0/pmd_rules_apex_codestyle.html#fieldnamingconventions","Code Style","pmd"
"495","1","1","C:\Users\Mark Meyer\Documents\mega-history\force-app\main\default\classes\MetadataService.cls","1041","26","FieldNamingConventions","The instance field name 'lastModifiedDate_type_info' doesn't match '[a-z][a-zA-Z0-9]*'","https://docs.pmd-code.org/pmd-doc-7.4.0/pmd_rules_apex_codestyle.html#fieldnamingconventions","Code Style","pmd"
"496","1","1","C:\Users\Mark Meyer\Documents\mega-history\force-app\main\default\classes\MetadataService.cls","1042","26","FieldNamingConventions","The instance field name 'numberComponentErrors_type_info' doesn't match '[a-z][a-zA-Z0-9]*'","https://docs.pmd-code.org/pmd-doc-7.4.0/pmd_rules_apex_codestyle.html#fieldnamingconventions","Code Style","pmd"
"497","1","1","C:\Users\Mark Meyer\Documents\mega-history\force-app\main\default\classes\MetadataService.cls","1043","26","FieldNamingConventions","The instance field name 'numberComponentsDeployed_type_info' doesn't match '[a-z][a-zA-Z0-9]*'","https://docs.pmd-code.org/pmd-doc-7.4.0/pmd_rules_apex_codestyle.html#fieldnamingconventions","Code Style","pmd"
"498","1","1","C:\Users\Mark Meyer\Documents\mega-history\force-app\main\default\classes\MetadataService.cls","1044","26","FieldNamingConventions","The instance field name 'numberComponentsTotal_type_info' doesn't match '[a-z][a-zA-Z0-9]*'","https://docs.pmd-code.org/pmd-doc-7.4.0/pmd_rules_apex_codestyle.html#fieldnamingconventions","Code Style","pmd"
"499","1","1","C:\Users\Mark Meyer\Documents\mega-history\force-app\main\default\classes\MetadataService.cls","1045","26","FieldNamingConventions","The instance field name 'numberTestErrors_type_info' doesn't match '[a-z][a-zA-Z0-9]*'","https://docs.pmd-code.org/pmd-doc-7.4.0/pmd_rules_apex_codestyle.html#fieldnamingconventions","Code Style","pmd"
"500","1","1","C:\Users\Mark Meyer\Documents\mega-history\force-app\main\default\classes\MetadataService.cls","1046","26","FieldNamingConventions","The instance field name 'numberTestsCompleted_type_info' doesn't match '[a-z][a-zA-Z0-9]*'","https://docs.pmd-code.org/pmd-doc-7.4.0/pmd_rules_apex_codestyle.html#fieldnamingconventions","Code Style","pmd"
"501","1","1","C:\Users\Mark Meyer\Documents\mega-history\force-app\main\default\classes\MetadataService.cls","1047","26","FieldNamingConventions","The instance field name 'numberTestsTotal_type_info' doesn't match '[a-z][a-zA-Z0-9]*'","https://docs.pmd-code.org/pmd-doc-7.4.0/pmd_rules_apex_codestyle.html#fieldnamingconventions","Code Style","pmd"
"502","1","1","C:\Users\Mark Meyer\Documents\mega-history\force-app\main\default\classes\MetadataService.cls","1048","26","FieldNamingConventions","The instance field name 'rollbackOnError_type_info' doesn't match '[a-z][a-zA-Z0-9]*'","https://docs.pmd-code.org/pmd-doc-7.4.0/pmd_rules_apex_codestyle.html#fieldnamingconventions","Code Style","pmd"
"503","1","1","C:\Users\Mark Meyer\Documents\mega-history\force-app\main\default\classes\MetadataService.cls","1049","26","FieldNamingConventions","The instance field name 'runTestsEnabled_type_info' doesn't match '[a-z][a-zA-Z0-9]*'","https://docs.pmd-code.org/pmd-doc-7.4.0/pmd_rules_apex_codestyle.html#fieldnamingconventions","Code Style","pmd"
"504","1","1","C:\Users\Mark Meyer\Documents\mega-history\force-app\main\default\classes\MetadataService.cls","1050","26","FieldNamingConventions","The instance field name 'startDate_type_info' doesn't match '[a-z][a-zA-Z0-9]*'","https://docs.pmd-code.org/pmd-doc-7.4.0/pmd_rules_apex_codestyle.html#fieldnamingconventions","Code Style","pmd"
"505","1","1","C:\Users\Mark Meyer\Documents\mega-history\force-app\main\default\classes\MetadataService.cls","1051","26","FieldNamingConventions","The instance field name 'stateDetail_type_info' doesn't match '[a-z][a-zA-Z0-9]*'","https://docs.pmd-code.org/pmd-doc-7.4.0/pmd_rules_apex_codestyle.html#fieldnamingconventions","Code Style","pmd"
"506","1","1","C:\Users\Mark Meyer\Documents\mega-history\force-app\main\default\classes\MetadataService.cls","1052","26","FieldNamingConventions","The instance field name 'status_type_info' doesn't match '[a-z][a-zA-Z0-9]*'","https://docs.pmd-code.org/pmd-doc-7.4.0/pmd_rules_apex_codestyle.html#fieldnamingconventions","Code Style","pmd"
"507","1","1","C:\Users\Mark Meyer\Documents\mega-history\force-app\main\default\classes\MetadataService.cls","1053","26","FieldNamingConventions","The instance field name 'success_type_info' doesn't match '[a-z][a-zA-Z0-9]*'","https://docs.pmd-code.org/pmd-doc-7.4.0/pmd_rules_apex_codestyle.html#fieldnamingconventions","Code Style","pmd"
"508","1","1","C:\Users\Mark Meyer\Documents\mega-history\force-app\main\default\classes\MetadataService.cls","1054","26","FieldNamingConventions","The instance field name 'apex_schema_type_info' doesn't match '[a-z][a-zA-Z0-9]*'","https://docs.pmd-code.org/pmd-doc-7.4.0/pmd_rules_apex_codestyle.html#fieldnamingconventions","Code Style","pmd"
"509","1","1","C:\Users\Mark Meyer\Documents\mega-history\force-app\main\default\classes\MetadataService.cls","1055","26","FieldNamingConventions","The instance field name 'field_order_type_info' doesn't match '[a-z][a-zA-Z0-9]*'","https://docs.pmd-code.org/pmd-doc-7.4.0/pmd_rules_apex_codestyle.html#fieldnamingconventions","Code Style","pmd"
"510","1","1","C:\Users\Mark Meyer\Documents\mega-history\force-app\main\default\classes\MetadataService.cls","1061","12","ClassNamingConventions","The inner class name 'createMetadata_element' doesn't match '[A-Z][a-zA-Z0-9_]*'","https://docs.pmd-code.org/pmd-doc-7.4.0/pmd_rules_apex_codestyle.html#classnamingconventions","Code Style","pmd"
"511","1","1","C:\Users\Mark Meyer\Documents\mega-history\force-app\main\default\classes\MetadataService.cls","1063","26","FieldNamingConventions","The instance field name 'metadata_type_info' doesn't match '[a-z][a-zA-Z0-9]*'","https://docs.pmd-code.org/pmd-doc-7.4.0/pmd_rules_apex_codestyle.html#fieldnamingconventions","Code Style","pmd"
"512","1","1","C:\Users\Mark Meyer\Documents\mega-history\force-app\main\default\classes\MetadataService.cls","1064","26","FieldNamingConventions","The instance field name 'apex_schema_type_info' doesn't match '[a-z][a-zA-Z0-9]*'","https://docs.pmd-code.org/pmd-doc-7.4.0/pmd_rules_apex_codestyle.html#fieldnamingconventions","Code Style","pmd"
"513","1","1","C:\Users\Mark Meyer\Documents\mega-history\force-app\main\default\classes\MetadataService.cls","1065","26","FieldNamingConventions","The instance field name 'field_order_type_info' doesn't match '[a-z][a-zA-Z0-9]*'","https://docs.pmd-code.org/pmd-doc-7.4.0/pmd_rules_apex_codestyle.html#fieldnamingconventions","Code Style","pmd"
"514","1","1","C:\Users\Mark Meyer\Documents\mega-history\force-app\main\default\classes\MetadataService.cls","1071","12","ClassNamingConventions","The inner class name 'describeMetadataResponse_element' doesn't match '[A-Z][a-zA-Z0-9_]*'","https://docs.pmd-code.org/pmd-doc-7.4.0/pmd_rules_apex_codestyle.html#classnamingconventions","Code Style","pmd"
"515","1","1","C:\Users\Mark Meyer\Documents\mega-history\force-app\main\default\classes\MetadataService.cls","1073","26","FieldNamingConventions","The instance field name 'result_type_info' doesn't match '[a-z][a-zA-Z0-9]*'","https://docs.pmd-code.org/pmd-doc-7.4.0/pmd_rules_apex_codestyle.html#fieldnamingconventions","Code Style","pmd"
"516","1","1","C:\Users\Mark Meyer\Documents\mega-history\force-app\main\default\classes\MetadataService.cls","1074","26","FieldNamingConventions","The instance field name 'apex_schema_type_info' doesn't match '[a-z][a-zA-Z0-9]*'","https://docs.pmd-code.org/pmd-doc-7.4.0/pmd_rules_apex_codestyle.html#fieldnamingconventions","Code Style","pmd"
"517","1","1","C:\Users\Mark Meyer\Documents\mega-history\force-app\main\default\classes\MetadataService.cls","1075","26","FieldNamingConventions","The instance field name 'field_order_type_info' doesn't match '[a-z][a-zA-Z0-9]*'","https://docs.pmd-code.org/pmd-doc-7.4.0/pmd_rules_apex_codestyle.html#fieldnamingconventions","Code Style","pmd"
"518","1","1","C:\Users\Mark Meyer\Documents\mega-history\force-app\main\default\classes\MetadataService.cls","1081","12","ClassNamingConventions","The inner class name 'checkDeployStatus_element' doesn't match '[A-Z][a-zA-Z0-9_]*'","https://docs.pmd-code.org/pmd-doc-7.4.0/pmd_rules_apex_codestyle.html#classnamingconventions","Code Style","pmd"
"519","1","1","C:\Users\Mark Meyer\Documents\mega-history\force-app\main\default\classes\MetadataService.cls","1084","26","FieldNamingConventions","The instance field name 'asyncProcessId_type_info' doesn't match '[a-z][a-zA-Z0-9]*'","https://docs.pmd-code.org/pmd-doc-7.4.0/pmd_rules_apex_codestyle.html#fieldnamingconventions","Code Style","pmd"
"520","1","1","C:\Users\Mark Meyer\Documents\mega-history\force-app\main\default\classes\MetadataService.cls","1085","26","FieldNamingConventions","The instance field name 'includeDetails_type_info' doesn't match '[a-z][a-zA-Z0-9]*'","https://docs.pmd-code.org/pmd-doc-7.4.0/pmd_rules_apex_codestyle.html#fieldnamingconventions","Code Style","pmd"
"521","1","1","C:\Users\Mark Meyer\Documents\mega-history\force-app\main\default\classes\MetadataService.cls","1086","26","FieldNamingConventions","The instance field name 'apex_schema_type_info' doesn't match '[a-z][a-zA-Z0-9]*'","https://docs.pmd-code.org/pmd-doc-7.4.0/pmd_rules_apex_codestyle.html#fieldnamingconventions","Code Style","pmd"
"522","1","1","C:\Users\Mark Meyer\Documents\mega-history\force-app\main\default\classes\MetadataService.cls","1087","26","FieldNamingConventions","The instance field name 'field_order_type_info' doesn't match '[a-z][a-zA-Z0-9]*'","https://docs.pmd-code.org/pmd-doc-7.4.0/pmd_rules_apex_codestyle.html#fieldnamingconventions","Code Style","pmd"
"523","1","1","C:\Users\Mark Meyer\Documents\mega-history\force-app\main\default\classes\MetadataService.cls","1100","12","ClassNamingConventions","The inner class name 'checkDeployStatusResponse_element' doesn't match '[A-Z][a-zA-Z0-9_]*'","https://docs.pmd-code.org/pmd-doc-7.4.0/pmd_rules_apex_codestyle.html#classnamingconventions","Code Style","pmd"
"524","1","1","C:\Users\Mark Meyer\Documents\mega-history\force-app\main\default\classes\MetadataService.cls","1102","26","FieldNamingConventions","The instance field name 'result_type_info' doesn't match '[a-z][a-zA-Z0-9]*'","https://docs.pmd-code.org/pmd-doc-7.4.0/pmd_rules_apex_codestyle.html#fieldnamingconventions","Code Style","pmd"
"525","1","1","C:\Users\Mark Meyer\Documents\mega-history\force-app\main\default\classes\MetadataService.cls","1103","26","FieldNamingConventions","The instance field name 'apex_schema_type_info' doesn't match '[a-z][a-zA-Z0-9]*'","https://docs.pmd-code.org/pmd-doc-7.4.0/pmd_rules_apex_codestyle.html#fieldnamingconventions","Code Style","pmd"
"526","1","1","C:\Users\Mark Meyer\Documents\mega-history\force-app\main\default\classes\MetadataService.cls","1104","26","FieldNamingConventions","The instance field name 'field_order_type_info' doesn't match '[a-z][a-zA-Z0-9]*'","https://docs.pmd-code.org/pmd-doc-7.4.0/pmd_rules_apex_codestyle.html#fieldnamingconventions","Code Style","pmd"
"527","1","1","C:\Users\Mark Meyer\Documents\mega-history\force-app\main\default\classes\MetadataService.cls","1110","12","ClassNamingConventions","The inner class name 'listMetadataResponse_element' doesn't match '[A-Z][a-zA-Z0-9_]*'","https://docs.pmd-code.org/pmd-doc-7.4.0/pmd_rules_apex_codestyle.html#classnamingconventions","Code Style","pmd"
"528","1","1","C:\Users\Mark Meyer\Documents\mega-history\force-app\main\default\classes\MetadataService.cls","1112","26","FieldNamingConventions","The instance field name 'result_type_info' doesn't match '[a-z][a-zA-Z0-9]*'","https://docs.pmd-code.org/pmd-doc-7.4.0/pmd_rules_apex_codestyle.html#fieldnamingconventions","Code Style","pmd"
"529","1","1","C:\Users\Mark Meyer\Documents\mega-history\force-app\main\default\classes\MetadataService.cls","1113","26","FieldNamingConventions","The instance field name 'apex_schema_type_info' doesn't match '[a-z][a-zA-Z0-9]*'","https://docs.pmd-code.org/pmd-doc-7.4.0/pmd_rules_apex_codestyle.html#fieldnamingconventions","Code Style","pmd"
"530","1","1","C:\Users\Mark Meyer\Documents\mega-history\force-app\main\default\classes\MetadataService.cls","1114","26","FieldNamingConventions","The instance field name 'field_order_type_info' doesn't match '[a-z][a-zA-Z0-9]*'","https://docs.pmd-code.org/pmd-doc-7.4.0/pmd_rules_apex_codestyle.html#fieldnamingconventions","Code Style","pmd"
"531","1","1","C:\Users\Mark Meyer\Documents\mega-history\force-app\main\default\classes\MetadataService.cls","1120","12","ClassNamingConventions","The inner class name 'renameMetadataResponse_element' doesn't match '[A-Z][a-zA-Z0-9_]*'","https://docs.pmd-code.org/pmd-doc-7.4.0/pmd_rules_apex_codestyle.html#classnamingconventions","Code Style","pmd"
"532","1","1","C:\Users\Mark Meyer\Documents\mega-history\force-app\main\default\classes\MetadataService.cls","1122","26","FieldNamingConventions","The instance field name 'result_type_info' doesn't match '[a-z][a-zA-Z0-9]*'","https://docs.pmd-code.org/pmd-doc-7.4.0/pmd_rules_apex_codestyle.html#fieldnamingconventions","Code Style","pmd"
"533","1","1","C:\Users\Mark Meyer\Documents\mega-history\force-app\main\default\classes\MetadataService.cls","1123","26","FieldNamingConventions","The instance field name 'apex_schema_type_info' doesn't match '[a-z][a-zA-Z0-9]*'","https://docs.pmd-code.org/pmd-doc-7.4.0/pmd_rules_apex_codestyle.html#fieldnamingconventions","Code Style","pmd"
"534","1","1","C:\Users\Mark Meyer\Documents\mega-history\force-app\main\default\classes\MetadataService.cls","1124","26","FieldNamingConventions","The instance field name 'field_order_type_info' doesn't match '[a-z][a-zA-Z0-9]*'","https://docs.pmd-code.org/pmd-doc-7.4.0/pmd_rules_apex_codestyle.html#fieldnamingconventions","Code Style","pmd"
"535","1","1","C:\Users\Mark Meyer\Documents\mega-history\force-app\main\default\classes\MetadataService.cls","1130","12","ClassNamingConventions","The inner class name 'cancelDeploy_element' doesn't match '[A-Z][a-zA-Z0-9_]*'","https://docs.pmd-code.org/pmd-doc-7.4.0/pmd_rules_apex_codestyle.html#classnamingconventions","Code Style","pmd"
"536","1","1","C:\Users\Mark Meyer\Documents\mega-history\force-app\main\default\classes\MetadataService.cls","1131","23","FieldNamingConventions","The instance field name 'String_x' doesn't match '[a-z][a-zA-Z0-9]*'","https://docs.pmd-code.org/pmd-doc-7.4.0/pmd_rules_apex_codestyle.html#fieldnamingconventions","Code Style","pmd"
"537","1","1","C:\Users\Mark Meyer\Documents\mega-history\force-app\main\default\classes\MetadataService.cls","1132","26","FieldNamingConventions","The instance field name 'String_x_type_info' doesn't match '[a-z][a-zA-Z0-9]*'","https://docs.pmd-code.org/pmd-doc-7.4.0/pmd_rules_apex_codestyle.html#fieldnamingconventions","Code Style","pmd"
"538","1","1","C:\Users\Mark Meyer\Documents\mega-history\force-app\main\default\classes\MetadataService.cls","1133","26","FieldNamingConventions","The instance field name 'apex_schema_type_info' doesn't match '[a-z][a-zA-Z0-9]*'","https://docs.pmd-code.org/pmd-doc-7.4.0/pmd_rules_apex_codestyle.html#fieldnamingconventions","Code Style","pmd"
"539","1","1","C:\Users\Mark Meyer\Documents\mega-history\force-app\main\default\classes\MetadataService.cls","1134","26","FieldNamingConventions","The instance field name 'field_order_type_info' doesn't match '[a-z][a-zA-Z0-9]*'","https://docs.pmd-code.org/pmd-doc-7.4.0/pmd_rules_apex_codestyle.html#fieldnamingconventions","Code Style","pmd"
"540","1","1","C:\Users\Mark Meyer\Documents\mega-history\force-app\main\default\classes\MetadataService.cls","1142","26","FieldNamingConventions","The instance field name 'client_type_info' doesn't match '[a-z][a-zA-Z0-9]*'","https://docs.pmd-code.org/pmd-doc-7.4.0/pmd_rules_apex_codestyle.html#fieldnamingconventions","Code Style","pmd"
"541","1","1","C:\Users\Mark Meyer\Documents\mega-history\force-app\main\default\classes\MetadataService.cls","1143","26","FieldNamingConventions","The instance field name 'apex_schema_type_info' doesn't match '[a-z][a-zA-Z0-9]*'","https://docs.pmd-code.org/pmd-doc-7.4.0/pmd_rules_apex_codestyle.html#fieldnamingconventions","Code Style","pmd"
"542","1","1","C:\Users\Mark Meyer\Documents\mega-history\force-app\main\default\classes\MetadataService.cls","1144","26","FieldNamingConventions","The instance field name 'field_order_type_info' doesn't match '[a-z][a-zA-Z0-9]*'","https://docs.pmd-code.org/pmd-doc-7.4.0/pmd_rules_apex_codestyle.html#fieldnamingconventions","Code Style","pmd"
"543","3","3","C:\Users\Mark Meyer\Documents\mega-history\force-app\main\default\classes\MetadataService.cls","1150","12","ExcessivePublicCount","The class MetadataPort has 25 public methods, attributes, and properties (limit: 20)","https://docs.pmd-code.org/pmd-doc-7.4.0/pmd_rules_apex_design.html#excessivepubliccount","Design","pmd"
"544","3","3","C:\Users\Mark Meyer\Documents\mega-history\force-app\main\default\classes\MetadataService.cls","1150","12","TooManyFields","Too many fields","https://docs.pmd-code.org/pmd-doc-7.4.0/pmd_rules_apex_design.html#toomanyfields","Design","pmd"
"545","1","1","C:\Users\Mark Meyer\Documents\mega-history\force-app\main\default\classes\MetadataService.cls","1151","23","FieldNamingConventions","The instance field name 'endpoint_x' doesn't match '[a-z][a-zA-Z0-9]*'","https://docs.pmd-code.org/pmd-doc-7.4.0/pmd_rules_apex_codestyle.html#fieldnamingconventions","Code Style","pmd"
"546","1","1","C:\Users\Mark Meyer\Documents\mega-history\force-app\main\default\classes\MetadataService.cls","1152","35","FieldNamingConventions","The instance field name 'inputHttpHeaders_x' doesn't match '[a-z][a-zA-Z0-9]*'","https://docs.pmd-code.org/pmd-doc-7.4.0/pmd_rules_apex_codestyle.html#fieldnamingconventions","Code Style","pmd"
"547","1","1","C:\Users\Mark Meyer\Documents\mega-history\force-app\main\default\classes\MetadataService.cls","1153","35","FieldNamingConventions","The instance field name 'outputHttpHeaders_x' doesn't match '[a-z][a-zA-Z0-9]*'","https://docs.pmd-code.org/pmd-doc-7.4.0/pmd_rules_apex_codestyle.html#fieldnamingconventions","Code Style","pmd"
"548","1","1","C:\Users\Mark Meyer\Documents\mega-history\force-app\main\default\classes\MetadataService.cls","1154","23","FieldNamingConventions","The instance field name 'clientCertName_x' doesn't match '[a-z][a-zA-Z0-9]*'","https://docs.pmd-code.org/pmd-doc-7.4.0/pmd_rules_apex_codestyle.html#fieldnamingconventions","Code Style","pmd"
"549","1","1","C:\Users\Mark Meyer\Documents\mega-history\force-app\main\default\classes\MetadataService.cls","1155","23","FieldNamingConventions","The instance field name 'clientCert_x' doesn't match '[a-z][a-zA-Z0-9]*'","https://docs.pmd-code.org/pmd-doc-7.4.0/pmd_rules_apex_codestyle.html#fieldnamingconventions","Code Style","pmd"
"550","1","1","C:\Users\Mark Meyer\Documents\mega-history\force-app\main\default\classes\MetadataService.cls","1156","23","FieldNamingConventions","The instance field name 'clientCertPasswd_x' doesn't match '[a-z][a-zA-Z0-9]*'","https://docs.pmd-code.org/pmd-doc-7.4.0/pmd_rules_apex_codestyle.html#fieldnamingconventions","Code Style","pmd"
"551","1","1","C:\Users\Mark Meyer\Documents\mega-history\force-app\main\default\classes\MetadataService.cls","1157","24","FieldNamingConventions","The instance field name 'timeout_x' doesn't match '[a-z][a-zA-Z0-9]*'","https://docs.pmd-code.org/pmd-doc-7.4.0/pmd_rules_apex_codestyle.html#fieldnamingconventions","Code Style","pmd"
"552","1","1","C:\Users\Mark Meyer\Documents\mega-history\force-app\main\default\classes\MetadataService.cls","1158","54","FieldNamingConventions","The instance field name 'SessionHeader' doesn't match '[a-z][a-zA-Z0-9]*'","https://docs.pmd-code.org/pmd-doc-7.4.0/pmd_rules_apex_codestyle.html#fieldnamingconventions","Code Style","pmd"
"553","1","1","C:\Users\Mark Meyer\Documents\mega-history\force-app\main\default\classes\MetadataService.cls","1159","54","FieldNamingConventions","The instance field name 'DebuggingInfo' doesn't match '[a-z][a-zA-Z0-9]*'","https://docs.pmd-code.org/pmd-doc-7.4.0/pmd_rules_apex_codestyle.html#fieldnamingconventions","Code Style","pmd"
"554","1","1","C:\Users\Mark Meyer\Documents\mega-history\force-app\main\default\classes\MetadataService.cls","1160","56","FieldNamingConventions","The instance field name 'DebuggingHeader' doesn't match '[a-z][a-zA-Z0-9]*'","https://docs.pmd-code.org/pmd-doc-7.4.0/pmd_rules_apex_codestyle.html#fieldnamingconventions","Code Style","pmd"
"555","1","1","C:\Users\Mark Meyer\Documents\mega-history\force-app\main\default\classes\MetadataService.cls","1161","52","FieldNamingConventions","The instance field name 'CallOptions' doesn't match '[a-z][a-zA-Z0-9]*'","https://docs.pmd-code.org/pmd-doc-7.4.0/pmd_rules_apex_codestyle.html#fieldnamingconventions","Code Style","pmd"
"556","1","1","C:\Users\Mark Meyer\Documents\mega-history\force-app\main\default\classes\MetadataService.cls","1162","56","FieldNamingConventions","The instance field name 'AllOrNoneHeader' doesn't match '[a-z][a-zA-Z0-9]*'","https://docs.pmd-code.org/pmd-doc-7.4.0/pmd_rules_apex_codestyle.html#fieldnamingconventions","Code Style","pmd"
"557","1","1","C:\Users\Mark Meyer\Documents\mega-history\force-app\main\default\classes\MetadataService.cls","1163","24","FieldNamingConventions","The instance field name 'SessionHeader_hns' doesn't match '[a-z][a-zA-Z0-9]*'","https://docs.pmd-code.org/pmd-doc-7.4.0/pmd_rules_apex_codestyle.html#fieldnamingconventions","Code Style","pmd"
"558","1","1","C:\Users\Mark Meyer\Documents\mega-history\force-app\main\default\classes\MetadataService.cls","1164","24","FieldNamingConventions","The instance field name 'DebuggingInfo_hns' doesn't match '[a-z][a-zA-Z0-9]*'","https://docs.pmd-code.org/pmd-doc-7.4.0/pmd_rules_apex_codestyle.html#fieldnamingconventions","Code Style","pmd"
"559","1","1","C:\Users\Mark Meyer\Documents\mega-history\force-app\main\default\classes\MetadataService.cls","1165","24","FieldNamingConventions","The instance field name 'DebuggingHeader_hns' doesn't match '[a-z][a-zA-Z0-9]*'","https://docs.pmd-code.org/pmd-doc-7.4.0/pmd_rules_apex_codestyle.html#fieldnamingconventions","Code Style","pmd"
"560","1","1","C:\Users\Mark Meyer\Documents\mega-history\force-app\main\default\classes\MetadataService.cls","1166","24","FieldNamingConventions","The instance field name 'CallOptions_hns' doesn't match '[a-z][a-zA-Z0-9]*'","https://docs.pmd-code.org/pmd-doc-7.4.0/pmd_rules_apex_codestyle.html#fieldnamingconventions","Code Style","pmd"
"561","1","1","C:\Users\Mark Meyer\Documents\mega-history\force-app\main\default\classes\MetadataService.cls","1167","24","FieldNamingConventions","The instance field name 'AllOrNoneHeader_hns' doesn't match '[a-z][a-zA-Z0-9]*'","https://docs.pmd-code.org/pmd-doc-7.4.0/pmd_rules_apex_codestyle.html#fieldnamingconventions","Code Style","pmd"
"562","1","1","C:\Users\Mark Meyer\Documents\mega-history\force-app\main\default\classes\MetadataService.cls","1168","26","FieldNamingConventions","The instance field name 'ns_map_type_info' doesn't match '[a-z][a-zA-Z0-9]*'","https://docs.pmd-code.org/pmd-doc-7.4.0/pmd_rules_apex_codestyle.html#fieldnamingconventions","Code Style","pmd"
"563","1","1","C:\Users\Mark Meyer\Documents\mega-history\force-app\main\default\classes\MetadataService.cls","1176","62","FormalParameterNamingConventions","The method parameter name 'type_x' doesn't match '[a-z][a-zA-Z0-9]*'","https://docs.pmd-code.org/pmd-doc-7.4.0/pmd_rules_apex_codestyle.html#formalparameternamingconventions","Code Style","pmd"
"564","1","1","C:\Users\Mark Meyer\Documents\mega-history\force-app\main\default\classes\MetadataService.cls","1177","52","LocalVariableNamingConventions","The local variable name 'request_x' doesn't match '[a-z][a-zA-Z0-9]*'","https://docs.pmd-code.org/pmd-doc-7.4.0/pmd_rules_apex_codestyle.html#localvariablenamingconventions","Code Style","pmd"
"565","1","1","C:\Users\Mark Meyer\Documents\mega-history\force-app\main\default\classes\MetadataService.cls","1180","60","LocalVariableNamingConventions","The local variable name 'response_x' doesn't match '[a-z][a-zA-Z0-9]*'","https://docs.pmd-code.org/pmd-doc-7.4.0/pmd_rules_apex_codestyle.html#localvariablenamingconventions","Code Style","pmd"
"566","1","1","C:\Users\Mark Meyer\Documents\mega-history\force-app\main\default\classes\MetadataService.cls","1181","73","LocalVariableNamingConventions","The local variable name 'response_map_x' doesn't match '[a-z][a-zA-Z0-9]*'","https://docs.pmd-code.org/pmd-doc-7.4.0/pmd_rules_apex_codestyle.html#localvariablenamingconventions","Code Style","pmd"
"567","1","1","C:\Users\Mark Meyer\Documents\mega-history\force-app\main\default\classes\MetadataService.cls","1206","58","FormalParameterNamingConventions","The method parameter name 'type_x' doesn't match '[a-z][a-zA-Z0-9]*'","https://docs.pmd-code.org/pmd-doc-7.4.0/pmd_rules_apex_codestyle.html#formalparameternamingconventions","Code Style","pmd"
"568","1","1","C:\Users\Mark Meyer\Documents\mega-history\force-app\main\default\classes\MetadataService.cls","1207","52","LocalVariableNamingConventions","The local variable name 'request_x' doesn't match '[a-z][a-zA-Z0-9]*'","https://docs.pmd-code.org/pmd-doc-7.4.0/pmd_rules_apex_codestyle.html#localvariablenamingconventions","Code Style","pmd"
"569","1","1","C:\Users\Mark Meyer\Documents\mega-history\force-app\main\default\classes\MetadataService.cls","1211","60","LocalVariableNamingConventions","The local variable name 'response_x' doesn't match '[a-z][a-zA-Z0-9]*'","https://docs.pmd-code.org/pmd-doc-7.4.0/pmd_rules_apex_codestyle.html#localvariablenamingconventions","Code Style","pmd"
"570","1","1","C:\Users\Mark Meyer\Documents\mega-history\force-app\main\default\classes\MetadataService.cls","1212","73","LocalVariableNamingConventions","The local variable name 'response_map_x' doesn't match '[a-z][a-zA-Z0-9]*'","https://docs.pmd-code.org/pmd-doc-7.4.0/pmd_rules_apex_codestyle.html#localvariablenamingconventions","Code Style","pmd"
"571","1","1","C:\Users\Mark Meyer\Documents\mega-history\force-app\main\default\classes\MetadataService.cls","1236","52","LocalVariableNamingConventions","The local variable name 'request_x' doesn't match '[a-z][a-zA-Z0-9]*'","https://docs.pmd-code.org/pmd-doc-7.4.0/pmd_rules_apex_codestyle.html#localvariablenamingconventions","Code Style","pmd"
"572","1","1","C:\Users\Mark Meyer\Documents\mega-history\force-app\main\default\classes\MetadataService.cls","1238","60","LocalVariableNamingConventions","The local variable name 'response_x' doesn't match '[a-z][a-zA-Z0-9]*'","https://docs.pmd-code.org/pmd-doc-7.4.0/pmd_rules_apex_codestyle.html#localvariablenamingconventions","Code Style","pmd"
"573","1","1","C:\Users\Mark Meyer\Documents\mega-history\force-app\main\default\classes\MetadataService.cls","1239","73","LocalVariableNamingConventions","The local variable name 'response_map_x' doesn't match '[a-z][a-zA-Z0-9]*'","https://docs.pmd-code.org/pmd-doc-7.4.0/pmd_rules_apex_codestyle.html#localvariablenamingconventions","Code Style","pmd"
"574","1","1","C:\Users\Mark Meyer\Documents\mega-history\force-app\main\default\classes\MetadataService.cls","1263","54","LocalVariableNamingConventions","The local variable name 'request_x' doesn't match '[a-z][a-zA-Z0-9]*'","https://docs.pmd-code.org/pmd-doc-7.4.0/pmd_rules_apex_codestyle.html#localvariablenamingconventions","Code Style","pmd"
"575","1","1","C:\Users\Mark Meyer\Documents\mega-history\force-app\main\default\classes\MetadataService.cls","1265","62","LocalVariableNamingConventions","The local variable name 'response_x' doesn't match '[a-z][a-zA-Z0-9]*'","https://docs.pmd-code.org/pmd-doc-7.4.0/pmd_rules_apex_codestyle.html#localvariablenamingconventions","Code Style","pmd"
"576","1","1","C:\Users\Mark Meyer\Documents\mega-history\force-app\main\default\classes\MetadataService.cls","1266","75","LocalVariableNamingConventions","The local variable name 'response_map_x' doesn't match '[a-z][a-zA-Z0-9]*'","https://docs.pmd-code.org/pmd-doc-7.4.0/pmd_rules_apex_codestyle.html#localvariablenamingconventions","Code Style","pmd"
"577","1","1","C:\Users\Mark Meyer\Documents\mega-history\force-app\main\default\classes\MetadataService.cls","1291","55","LocalVariableNamingConventions","The local variable name 'request_x' doesn't match '[a-z][a-zA-Z0-9]*'","https://docs.pmd-code.org/pmd-doc-7.4.0/pmd_rules_apex_codestyle.html#localvariablenamingconventions","Code Style","pmd"
"578","1","1","C:\Users\Mark Meyer\Documents\mega-history\force-app\main\default\classes\MetadataService.cls","1294","63","LocalVariableNamingConventions","The local variable name 'response_x' doesn't match '[a-z][a-zA-Z0-9]*'","https://docs.pmd-code.org/pmd-doc-7.4.0/pmd_rules_apex_codestyle.html#localvariablenamingconventions","Code Style","pmd"
"579","1","1","C:\Users\Mark Meyer\Documents\mega-history\force-app\main\default\classes\MetadataService.cls","1295","76","LocalVariableNamingConventions","The local variable name 'response_map_x' doesn't match '[a-z][a-zA-Z0-9]*'","https://docs.pmd-code.org/pmd-doc-7.4.0/pmd_rules_apex_codestyle.html#localvariablenamingconventions","Code Style","pmd"
"580","1","1","C:\Users\Mark Meyer\Documents\mega-history\force-app\main\default\classes\MetadataService.cls","1320","57","LocalVariableNamingConventions","The local variable name 'request_x' doesn't match '[a-z][a-zA-Z0-9]*'","https://docs.pmd-code.org/pmd-doc-7.4.0/pmd_rules_apex_codestyle.html#localvariablenamingconventions","Code Style","pmd"
"581","1","1","C:\Users\Mark Meyer\Documents\mega-history\force-app\main\default\classes\MetadataService.cls","1323","65","LocalVariableNamingConventions","The local variable name 'response_x' doesn't match '[a-z][a-zA-Z0-9]*'","https://docs.pmd-code.org/pmd-doc-7.4.0/pmd_rules_apex_codestyle.html#localvariablenamingconventions","Code Style","pmd"
"582","1","1","C:\Users\Mark Meyer\Documents\mega-history\force-app\main\default\classes\MetadataService.cls","1324","78","LocalVariableNamingConventions","The local variable name 'response_map_x' doesn't match '[a-z][a-zA-Z0-9]*'","https://docs.pmd-code.org/pmd-doc-7.4.0/pmd_rules_apex_codestyle.html#localvariablenamingconventions","Code Style","pmd"
"583","1","1","C:\Users\Mark Meyer\Documents\mega-history\force-app\main\default\classes\MetadataService.cls","1348","46","LocalVariableNamingConventions","The local variable name 'request_x' doesn't match '[a-z][a-zA-Z0-9]*'","https://docs.pmd-code.org/pmd-doc-7.4.0/pmd_rules_apex_codestyle.html#localvariablenamingconventions","Code Style","pmd"
"584","1","1","C:\Users\Mark Meyer\Documents\mega-history\force-app\main\default\classes\MetadataService.cls","1350","54","LocalVariableNamingConventions","The local variable name 'response_x' doesn't match '[a-z][a-zA-Z0-9]*'","https://docs.pmd-code.org/pmd-doc-7.4.0/pmd_rules_apex_codestyle.html#localvariablenamingconventions","Code Style","pmd"
"585","1","1","C:\Users\Mark Meyer\Documents\mega-history\force-app\main\default\classes\MetadataService.cls","1351","67","LocalVariableNamingConventions","The local variable name 'response_map_x' doesn't match '[a-z][a-zA-Z0-9]*'","https://docs.pmd-code.org/pmd-doc-7.4.0/pmd_rules_apex_codestyle.html#localvariablenamingconventions","Code Style","pmd"
"586","1","1","C:\Users\Mark Meyer\Documents\mega-history\force-app\main\default\classes\MetadataService.cls","1374","64","FormalParameterNamingConventions","The method parameter name 'String_x' doesn't match '[a-z][a-zA-Z0-9]*'","https://docs.pmd-code.org/pmd-doc-7.4.0/pmd_rules_apex_codestyle.html#formalparameternamingconventions","Code Style","pmd"
"587","1","1","C:\Users\Mark Meyer\Documents\mega-history\force-app\main\default\classes\MetadataService.cls","1375","50","LocalVariableNamingConventions","The local variable name 'request_x' doesn't match '[a-z][a-zA-Z0-9]*'","https://docs.pmd-code.org/pmd-doc-7.4.0/pmd_rules_apex_codestyle.html#localvariablenamingconventions","Code Style","pmd"
"588","1","1","C:\Users\Mark Meyer\Documents\mega-history\force-app\main\default\classes\MetadataService.cls","1377","58","LocalVariableNamingConventions","The local variable name 'response_x' doesn't match '[a-z][a-zA-Z0-9]*'","https://docs.pmd-code.org/pmd-doc-7.4.0/pmd_rules_apex_codestyle.html#localvariablenamingconventions","Code Style","pmd"
"589","1","1","C:\Users\Mark Meyer\Documents\mega-history\force-app\main\default\classes\MetadataService.cls","1378","71","LocalVariableNamingConventions","The local variable name 'response_map_x' doesn't match '[a-z][a-zA-Z0-9]*'","https://docs.pmd-code.org/pmd-doc-7.4.0/pmd_rules_apex_codestyle.html#localvariablenamingconventions","Code Style","pmd"
"590","1","1","C:\Users\Mark Meyer\Documents\mega-history\force-app\main\default\classes\MetadataService.cls","1402","60","LocalVariableNamingConventions","The local variable name 'request_x' doesn't match '[a-z][a-zA-Z0-9]*'","https://docs.pmd-code.org/pmd-doc-7.4.0/pmd_rules_apex_codestyle.html#localvariablenamingconventions","Code Style","pmd"
"591","1","1","C:\Users\Mark Meyer\Documents\mega-history\force-app\main\default\classes\MetadataService.cls","1404","68","LocalVariableNamingConventions","The local variable name 'response_x' doesn't match '[a-z][a-zA-Z0-9]*'","https://docs.pmd-code.org/pmd-doc-7.4.0/pmd_rules_apex_codestyle.html#localvariablenamingconventions","Code Style","pmd"
"592","1","1","C:\Users\Mark Meyer\Documents\mega-history\force-app\main\default\classes\MetadataService.cls","1405","81","LocalVariableNamingConventions","The local variable name 'response_map_x' doesn't match '[a-z][a-zA-Z0-9]*'","https://docs.pmd-code.org/pmd-doc-7.4.0/pmd_rules_apex_codestyle.html#localvariablenamingconventions","Code Style","pmd"
"593","1","1","C:\Users\Mark Meyer\Documents\mega-history\force-app\main\default\classes\MetadataService.cls","1429","52","LocalVariableNamingConventions","The local variable name 'request_x' doesn't match '[a-z][a-zA-Z0-9]*'","https://docs.pmd-code.org/pmd-doc-7.4.0/pmd_rules_apex_codestyle.html#localvariablenamingconventions","Code Style","pmd"
"594","1","1","C:\Users\Mark Meyer\Documents\mega-history\force-app\main\default\classes\MetadataService.cls","1431","60","LocalVariableNamingConventions","The local variable name 'response_x' doesn't match '[a-z][a-zA-Z0-9]*'","https://docs.pmd-code.org/pmd-doc-7.4.0/pmd_rules_apex_codestyle.html#localvariablenamingconventions","Code Style","pmd"
"595","1","1","C:\Users\Mark Meyer\Documents\mega-history\force-app\main\default\classes\MetadataService.cls","1432","73","LocalVariableNamingConventions","The local variable name 'response_map_x' doesn't match '[a-z][a-zA-Z0-9]*'","https://docs.pmd-code.org/pmd-doc-7.4.0/pmd_rules_apex_codestyle.html#localvariablenamingconventions","Code Style","pmd"
"596","1","1","C:\Users\Mark Meyer\Documents\mega-history\force-app\main\default\classes\MetadataService.cls","1456","51","FormalParameterNamingConventions","The method parameter name 'ZipFile' doesn't match '[a-z][a-zA-Z0-9]*'","https://docs.pmd-code.org/pmd-doc-7.4.0/pmd_rules_apex_codestyle.html#formalparameternamingconventions","Code Style","pmd"
"597","1","1","C:\Users\Mark Meyer\Documents\mega-history\force-app\main\default\classes\MetadataService.cls","1456","66","FormalParameterNamingConventions","The method parameter name 'DeployOptions' doesn't match '[a-z][a-zA-Z0-9]*'","https://docs.pmd-code.org/pmd-doc-7.4.0/pmd_rules_apex_codestyle.html#formalparameternamingconventions","Code Style","pmd"
"598","1","1","C:\Users\Mark Meyer\Documents\mega-history\force-app\main\default\classes\MetadataService.cls","1457","44","LocalVariableNamingConventions","The local variable name 'request_x' doesn't match '[a-z][a-zA-Z0-9]*'","https://docs.pmd-code.org/pmd-doc-7.4.0/pmd_rules_apex_codestyle.html#localvariablenamingconventions","Code Style","pmd"
"599","1","1","C:\Users\Mark Meyer\Documents\mega-history\force-app\main\default\classes\MetadataService.cls","1460","52","LocalVariableNamingConventions","The local variable name 'response_x' doesn't match '[a-z][a-zA-Z0-9]*'","https://docs.pmd-code.org/pmd-doc-7.4.0/pmd_rules_apex_codestyle.html#localvariablenamingconventions","Code Style","pmd"
"600","1","1","C:\Users\Mark Meyer\Documents\mega-history\force-app\main\default\classes\MetadataService.cls","1461","65","LocalVariableNamingConventions","The local variable name 'response_map_x' doesn't match '[a-z][a-zA-Z0-9]*'","https://docs.pmd-code.org/pmd-doc-7.4.0/pmd_rules_apex_codestyle.html#localvariablenamingconventions","Code Style","pmd"
"601","1","1","C:\Users\Mark Meyer\Documents\mega-history\force-app\main\default\classes\MetadataService.cls","1485","52","LocalVariableNamingConventions","The local variable name 'request_x' doesn't match '[a-z][a-zA-Z0-9]*'","https://docs.pmd-code.org/pmd-doc-7.4.0/pmd_rules_apex_codestyle.html#localvariablenamingconventions","Code Style","pmd"
"602","1","1","C:\Users\Mark Meyer\Documents\mega-history\force-app\main\default\classes\MetadataService.cls","1487","60","LocalVariableNamingConventions","The local variable name 'response_x' doesn't match '[a-z][a-zA-Z0-9]*'","https://docs.pmd-code.org/pmd-doc-7.4.0/pmd_rules_apex_codestyle.html#localvariablenamingconventions","Code Style","pmd"
"603","1","1","C:\Users\Mark Meyer\Documents\mega-history\force-app\main\default\classes\MetadataService.cls","1488","73","LocalVariableNamingConventions","The local variable name 'response_map_x' doesn't match '[a-z][a-zA-Z0-9]*'","https://docs.pmd-code.org/pmd-doc-7.4.0/pmd_rules_apex_codestyle.html#localvariablenamingconventions","Code Style","pmd"
"604","1","1","C:\Users\Mark Meyer\Documents\mega-history\force-app\main\default\classes\MetadataService.cls","1513","50","LocalVariableNamingConventions","The local variable name 'request_x' doesn't match '[a-z][a-zA-Z0-9]*'","https://docs.pmd-code.org/pmd-doc-7.4.0/pmd_rules_apex_codestyle.html#localvariablenamingconventions","Code Style","pmd"
"605","1","1","C:\Users\Mark Meyer\Documents\mega-history\force-app\main\default\classes\MetadataService.cls","1516","58","LocalVariableNamingConventions","The local variable name 'response_x' doesn't match '[a-z][a-zA-Z0-9]*'","https://docs.pmd-code.org/pmd-doc-7.4.0/pmd_rules_apex_codestyle.html#localvariablenamingconventions","Code Style","pmd"
"606","1","1","C:\Users\Mark Meyer\Documents\mega-history\force-app\main\default\classes\MetadataService.cls","1517","71","LocalVariableNamingConventions","The local variable name 'response_map_x' doesn't match '[a-z][a-zA-Z0-9]*'","https://docs.pmd-code.org/pmd-doc-7.4.0/pmd_rules_apex_codestyle.html#localvariablenamingconventions","Code Style","pmd"
"607","3","3","C:\Users\Mark Meyer\Documents\mega-history\force-app\main\default\classes\MetadataServiceTest.cls","13","23","StdCyclomaticComplexity","The class 'WebServiceMockImpl' has a Standard Cyclomatic Complexity of 16 (Highest = 15).","https://docs.pmd-code.org/pmd-doc-7.4.0/pmd_rules_apex_design.html#stdcyclomaticcomplexity","Design","pmd"
"608","3","3","C:\Users\Mark Meyer\Documents\mega-history\force-app\main\default\classes\MetadataServiceTest.cls","27","10","ExcessiveParameterList","Avoid long parameter lists.","https://docs.pmd-code.org/pmd-doc-7.4.0/pmd_rules_apex_design.html#excessiveparameterlist","Design","pmd"
"609","3","3","C:\Users\Mark Meyer\Documents\mega-history\force-app\main\default\classes\MetadataServiceTest.cls","27","10","StdCyclomaticComplexity","The method 'doInvoke' has a Standard Cyclomatic Complexity of 15.","https://docs.pmd-code.org/pmd-doc-7.4.0/pmd_rules_apex_design.html#stdcyclomaticcomplexity","Design","pmd"
"610","3","3","C:\Users\Mark Meyer\Documents\mega-history\force-app\main\default\classes\MetadataServiceTest.cls","27","10","CyclomaticComplexity","The method 'doInvoke(Object, Object, Map<String, Object>, String, String, String, String, String, String)' has a cyclomatic complexity of 15.","https://docs.pmd-code.org/pmd-doc-7.4.0/pmd_rules_apex_design.html#cyclomaticcomplexity","Design","pmd"
"611","3","3","C:\Users\Mark Meyer\Documents\mega-history\force-app\main\default\classes\MyDeployCallback.cls","13","5","EmptyStatementBlock","Avoid empty block statements.","https://docs.pmd-code.org/pmd-doc-7.4.0/pmd_rules_apex_errorprone.html#emptystatementblock","Error Prone","pmd"
"612","3","3","C:\Users\Mark Meyer\Documents\mega-history\force-app\main\default\classes\ReassignHistoryQueueable.cls","25","12","CognitiveComplexity","The method 'execute(QueueableContext)' has a cognitive complexity of 21, current threshold is 15","https://docs.pmd-code.org/pmd-doc-7.4.0/pmd_rules_apex_design.html#cognitivecomplexity","Design","pmd"
"613","3","3","C:\Users\Mark Meyer\Documents\mega-history\force-app\main\default\classes\ReassignHistoryQueueable.cls","25","12","CyclomaticComplexity","The method 'execute(QueueableContext)' has a cyclomatic complexity of 10.","https://docs.pmd-code.org/pmd-doc-7.4.0/pmd_rules_apex_design.html#cyclomaticcomplexity","Design","pmd"
"614","3","3","C:\Users\Mark Meyer\Documents\mega-history\force-app\main\default\classes\ReassignHistoryQueueable.cls","38","57","OperationWithLimitsInLoop","Avoid operations in loops that may hit governor limits","https://docs.pmd-code.org/pmd-doc-7.4.0/pmd_rules_apex_performance.html#operationwithlimitsinloop","Performance","pmd"
"615","3","3","C:\Users\Mark Meyer\Documents\mega-history\force-app\main\default\classes\ReassignHistoryQueueable.cls","42","21","OperationWithLimitsInLoop","Avoid operations in loops that may hit governor limits","https://docs.pmd-code.org/pmd-doc-7.4.0/pmd_rules_apex_performance.html#operationwithlimitsinloop","Performance","pmd"
"616","3","3","C:\Users\Mark Meyer\Documents\mega-history\force-app\main\default\classes\RelatedListController.cls","6","21","StdCyclomaticComplexity","The class 'RelatedListController' has a Standard Cyclomatic Complexity of 7 (Highest = 17).","https://docs.pmd-code.org/pmd-doc-7.4.0/pmd_rules_apex_design.html#stdcyclomaticcomplexity","Design","pmd"
"617","3","3","C:\Users\Mark Meyer\Documents\mega-history\force-app\main\default\classes\RelatedListController.cls","6","21","CognitiveComplexity","The class 'RelatedListController' has a total cognitive complexity of 299 (highest 60), current threshold is 50","https://docs.pmd-code.org/pmd-doc-7.4.0/pmd_rules_apex_design.html#cognitivecomplexity","Design","pmd"
"618","3","3","C:\Users\Mark Meyer\Documents\mega-history\force-app\main\default\classes\RelatedListController.cls","6","21","CyclomaticComplexity","The class 'RelatedListController' has a total cyclomatic complexity of 183 (highest 30).","https://docs.pmd-code.org/pmd-doc-7.4.0/pmd_rules_apex_design.html#cyclomaticcomplexity","Design","pmd"
"619","3","3","C:\Users\Mark Meyer\Documents\mega-history\force-app\main\default\classes\RelatedListController.cls","6","21","NcssTypeCount","The type has an NCSS line count of 510","https://docs.pmd-code.org/pmd-doc-7.4.0/pmd_rules_apex_design.html#ncsstypecount","Design","pmd"
"620","3","3","C:\Users\Mark Meyer\Documents\mega-history\force-app\main\default\classes\RelatedListController.cls","89","19","NcssMethodCount","The method 'initData()' has an NCSS line count of 49 (limit: 40)","https://docs.pmd-code.org/pmd-doc-7.4.0/pmd_rules_apex_design.html#ncssmethodcount","Design","pmd"
"621","3","3","C:\Users\Mark Meyer\Documents\mega-history\force-app\main\default\classes\RelatedListController.cls","89","19","CyclomaticComplexity","The method 'initData(String, String)' has a cyclomatic complexity of 16.","https://docs.pmd-code.org/pmd-doc-7.4.0/pmd_rules_apex_design.html#cyclomaticcomplexity","Design","pmd"
"622","3","3","C:\Users\Mark Meyer\Documents\mega-history\force-app\main\default\classes\RelatedListController.cls","131","20","EagerlyLoadedDescribeSObjectResult","DescribeSObjectResult could be being loaded eagerly with all child relationships.","https://docs.pmd-code.org/pmd-doc-7.4.0/pmd_rules_apex_performance.html#eagerlyloadeddescribesobjectresult","Performance","pmd"
"623","3","3","C:\Users\Mark Meyer\Documents\mega-history\force-app\main\default\classes\RelatedListController.cls","131","82","EagerlyLoadedDescribeSObjectResult","DescribeSObjectResult could be being loaded eagerly with all child relationships.","https://docs.pmd-code.org/pmd-doc-7.4.0/pmd_rules_apex_performance.html#eagerlyloadeddescribesobjectresult","Performance","pmd"
"624","3","3","C:\Users\Mark Meyer\Documents\mega-history\force-app\main\default\classes\RelatedListController.cls","140","13","AvoidDebugStatements","Avoid debug statements since they impact on performance","https://docs.pmd-code.org/pmd-doc-7.4.0/pmd_rules_apex_performance.html#avoiddebugstatements","Performance","pmd"
"625","3","3","C:\Users\Mark Meyer\Documents\mega-history\force-app\main\default\classes\RelatedListController.cls","164","13","AvoidDebugStatements","Avoid debug statements since they impact on performance","https://docs.pmd-code.org/pmd-doc-7.4.0/pmd_rules_apex_performance.html#avoiddebugstatements","Performance","pmd"
"626","3","3","C:\Users\Mark Meyer\Documents\mega-history\force-app\main\default\classes\RelatedListController.cls","164","13","DebugsShouldUseLoggingLevel","Calls to System.debug should specify a logging level.","https://docs.pmd-code.org/pmd-doc-7.4.0/pmd_rules_apex_bestpractices.html#debugsshoulduselogginglevel","Best Practices","pmd"
"627","3","3","C:\Users\Mark Meyer\Documents\mega-history\force-app\main\default\classes\RelatedListController.cls","177","20","ExcessiveParameterList","Avoid long parameter lists.","https://docs.pmd-code.org/pmd-doc-7.4.0/pmd_rules_apex_design.html#excessiveparameterlist","Design","pmd"
"628","3","3","C:\Users\Mark Meyer\Documents\mega-history\force-app\main\default\classes\RelatedListController.cls","177","20","StdCyclomaticComplexity","The method 'getStandardHistory' has a Standard Cyclomatic Complexity of 11.","https://docs.pmd-code.org/pmd-doc-7.4.0/pmd_rules_apex_design.html#stdcyclomaticcomplexity","Design","pmd"
"629","3","3","C:\Users\Mark Meyer\Documents\mega-history\force-app\main\default\classes\RelatedListController.cls","177","20","NcssMethodCount","The method 'getStandardHistory()' has an NCSS line count of 51 (limit: 40)","https://docs.pmd-code.org/pmd-doc-7.4.0/pmd_rules_apex_design.html#ncssmethodcount","Design","pmd"
"630","3","3","C:\Users\Mark Meyer\Documents\mega-history\force-app\main\default\classes\RelatedListController.cls","177","20","CognitiveComplexity","The method 'getStandardHistory(String, Schema.DescribeSObjectResult, Integer, Map<String, Tracked_Object__mdt>)' has a cognitive complexity of 31, current threshold is 15","https://docs.pmd-code.org/pmd-doc-7.4.0/pmd_rules_apex_design.html#cognitivecomplexity","Design","pmd"
"631","3","3","C:\Users\Mark Meyer\Documents\mega-history\force-app\main\default\classes\RelatedListController.cls","177","20","CyclomaticComplexity","The method 'getStandardHistory(String, Schema.DescribeSObjectResult, Integer, Map<String, Tracked_Object__mdt>)' has a cyclomatic complexity of 13.","https://docs.pmd-code.org/pmd-doc-7.4.0/pmd_rules_apex_design.html#cyclomaticcomplexity","Design","pmd"
"632","3","3","C:\Users\Mark Meyer\Documents\mega-history\force-app\main\default\classes\RelatedListController.cls","189","44","OperationWithLimitsInLoop","Avoid operations in loops that may hit governor limits","https://docs.pmd-code.org/pmd-doc-7.4.0/pmd_rules_apex_performance.html#operationwithlimitsinloop","Performance","pmd"
"633","3","3","C:\Users\Mark Meyer\Documents\mega-history\force-app\main\default\classes\RelatedListController.cls","202","25","AvoidDebugStatements","Avoid debug statements since they impact on performance","https://docs.pmd-code.org/pmd-doc-7.4.0/pmd_rules_apex_performance.html#avoiddebugstatements","Performance","pmd"
"634","3","3","C:\Users\Mark Meyer\Documents\mega-history\force-app\main\default\classes\RelatedListController.cls","235","13","AvoidDebugStatements","Avoid debug statements since they impact on performance","https://docs.pmd-code.org/pmd-doc-7.4.0/pmd_rules_apex_performance.html#avoiddebugstatements","Performance","pmd"
"635","3","3","C:\Users\Mark Meyer\Documents\mega-history\force-app\main\default\classes\RelatedListController.cls","251","20","StdCyclomaticComplexity","The method 'mergeLists' has a Standard Cyclomatic Complexity of 11.","https://docs.pmd-code.org/pmd-doc-7.4.0/pmd_rules_apex_design.html#stdcyclomaticcomplexity","Design","pmd"
"636","3","3","C:\Users\Mark Meyer\Documents\mega-history\force-app\main\default\classes\RelatedListController.cls","251","20","CognitiveComplexity","The method 'mergeLists(List<HistoryWrapper>, List<HistoryWrapper>)' has a cognitive complexity of 37, current threshold is 15","https://docs.pmd-code.org/pmd-doc-7.4.0/pmd_rules_apex_design.html#cognitivecomplexity","Design","pmd"
"637","3","3","C:\Users\Mark Meyer\Documents\mega-history\force-app\main\default\classes\RelatedListController.cls","251","20","CyclomaticComplexity","The method 'mergeLists(List<HistoryWrapper>, List<HistoryWrapper>)' has a cyclomatic complexity of 17.","https://docs.pmd-code.org/pmd-doc-7.4.0/pmd_rules_apex_design.html#cyclomaticcomplexity","Design","pmd"
"638","3","3","C:\Users\Mark Meyer\Documents\mega-history\force-app\main\default\classes\RelatedListController.cls","259","61","IfStmtsMustUseBraces","Avoid using if statements without curly braces","https://docs.pmd-code.org/pmd-doc-7.4.0/pmd_rules_apex_codestyle.html#ifstmtsmustusebraces","Code Style","pmd"
"639","3","3","C:\Users\Mark Meyer\Documents\mega-history\force-app\main\default\classes\RelatedListController.cls","259","61","IfElseStmtsMustUseBraces","Avoid using if...else statements without curly braces","https://docs.pmd-code.org/pmd-doc-7.4.0/pmd_rules_apex_codestyle.html#ifelsestmtsmustusebraces","Code Style","pmd"
"640","3","3","C:\Users\Mark Meyer\Documents\mega-history\force-app\main\default\classes\RelatedListController.cls","260","78","IfStmtsMustUseBraces","Avoid using if statements without curly braces","https://docs.pmd-code.org/pmd-doc-7.4.0/pmd_rules_apex_codestyle.html#ifstmtsmustusebraces","Code Style","pmd"
"641","3","3","C:\Users\Mark Meyer\Documents\mega-history\force-app\main\default\classes\RelatedListController.cls","260","78","IfElseStmtsMustUseBraces","Avoid using if...else statements without curly braces","https://docs.pmd-code.org/pmd-doc-7.4.0/pmd_rules_apex_codestyle.html#ifelsestmtsmustusebraces","Code Style","pmd"
"642","3","3","C:\Users\Mark Meyer\Documents\mega-history\force-app\main\default\classes\RelatedListController.cls","269","214","IfStmtsMustUseBraces","Avoid using if statements without curly braces","https://docs.pmd-code.org/pmd-doc-7.4.0/pmd_rules_apex_codestyle.html#ifstmtsmustusebraces","Code Style","pmd"
"643","3","3","C:\Users\Mark Meyer\Documents\mega-history\force-app\main\default\classes\RelatedListController.cls","269","214","IfElseStmtsMustUseBraces","Avoid using if...else statements without curly braces","https://docs.pmd-code.org/pmd-doc-7.4.0/pmd_rules_apex_codestyle.html#ifelsestmtsmustusebraces","Code Style","pmd"
"644","3","3","C:\Users\Mark Meyer\Documents\mega-history\force-app\main\default\classes\RelatedListController.cls","271","38","IfStmtsMustUseBraces","Avoid using if statements without curly braces","https://docs.pmd-code.org/pmd-doc-7.4.0/pmd_rules_apex_codestyle.html#ifstmtsmustusebraces","Code Style","pmd"
"645","3","3","C:\Users\Mark Meyer\Documents\mega-history\force-app\main\default\classes\RelatedListController.cls","271","38","IfElseStmtsMustUseBraces","Avoid using if...else statements without curly braces","https://docs.pmd-code.org/pmd-doc-7.4.0/pmd_rules_apex_codestyle.html#ifelsestmtsmustusebraces","Code Style","pmd"
"646","3","3","C:\Users\Mark Meyer\Documents\mega-history\force-app\main\default\classes\RelatedListController.cls","295","51","EagerlyLoadedDescribeSObjectResult","DescribeSObjectResult could be being loaded eagerly with all child relationships.","https://docs.pmd-code.org/pmd-doc-7.4.0/pmd_rules_apex_performance.html#eagerlyloadeddescribesobjectresult","Performance","pmd"
"647","3","3","C:\Users\Mark Meyer\Documents\mega-history\force-app\main\default\classes\RelatedListController.cls","307","20","StdCyclomaticComplexity","The method 'scrubFields' has a Standard Cyclomatic Complexity of 11.","https://docs.pmd-code.org/pmd-doc-7.4.0/pmd_rules_apex_design.html#stdcyclomaticcomplexity","Design","pmd"
"648","3","3","C:\Users\Mark Meyer\Documents\mega-history\force-app\main\default\classes\RelatedListController.cls","307","20","CognitiveComplexity","The method 'scrubFields(List<HistoryWrapper>, Map<String, Schema.DescribeSObjectResult>)' has a cognitive complexity of 54, current threshold is 15","https://docs.pmd-code.org/pmd-doc-7.4.0/pmd_rules_apex_design.html#cognitivecomplexity","Design","pmd"
"649","3","3","C:\Users\Mark Meyer\Documents\mega-history\force-app\main\default\classes\RelatedListController.cls","307","20","CyclomaticComplexity","The method 'scrubFields(List<HistoryWrapper>, Map<String, Schema.DescribeSObjectResult>)' has a cyclomatic complexity of 14.","https://docs.pmd-code.org/pmd-doc-7.4.0/pmd_rules_apex_design.html#cyclomaticcomplexity","Design","pmd"
"650","3","3","C:\Users\Mark Meyer\Documents\mega-history\force-app\main\default\classes\RelatedListController.cls","314","21","AvoidDeeplyNestedIfStmts","Deeply nested if..then statements are hard to read","https://docs.pmd-code.org/pmd-doc-7.4.0/pmd_rules_apex_design.html#avoiddeeplynestedifstmts","Design","pmd"
"651","3","3","C:\Users\Mark Meyer\Documents\mega-history\force-app\main\default\classes\RelatedListController.cls","345","20","CognitiveComplexity","The method 'splitLists(String, List<HistoryWrapper>)' has a cognitive complexity of 20, current threshold is 15","https://docs.pmd-code.org/pmd-doc-7.4.0/pmd_rules_apex_design.html#cognitivecomplexity","Design","pmd"
"652","3","3","C:\Users\Mark Meyer\Documents\mega-history\force-app\main\default\classes\RelatedListController.cls","351","21","AvoidDeeplyNestedIfStmts","Deeply nested if..then statements are hard to read","https://docs.pmd-code.org/pmd-doc-7.4.0/pmd_rules_apex_design.html#avoiddeeplynestedifstmts","Design","pmd"
"653","3","3","C:\Users\Mark Meyer\Documents\mega-history\force-app\main\default\classes\RelatedListController.cls","360","21","AvoidDeeplyNestedIfStmts","Deeply nested if..then statements are hard to read","https://docs.pmd-code.org/pmd-doc-7.4.0/pmd_rules_apex_design.html#avoiddeeplynestedifstmts","Design","pmd"
"654","3","3","C:\Users\Mark Meyer\Documents\mega-history\force-app\main\default\classes\RelatedListController.cls","380","20","StdCyclomaticComplexity","The method 'createWrapper' has a Standard Cyclomatic Complexity of 11.","https://docs.pmd-code.org/pmd-doc-7.4.0/pmd_rules_apex_design.html#stdcyclomaticcomplexity","Design","pmd"
"655","3","3","C:\Users\Mark Meyer\Documents\mega-history\force-app\main\default\classes\RelatedListController.cls","380","20","NcssMethodCount","The method 'createWrapper()' has an NCSS line count of 54 (limit: 40)","https://docs.pmd-code.org/pmd-doc-7.4.0/pmd_rules_apex_design.html#ncssmethodcount","Design","pmd"
"656","3","3","C:\Users\Mark Meyer\Documents\mega-history\force-app\main\default\classes\RelatedListController.cls","380","20","CognitiveComplexity","The method 'createWrapper(SObject, String)' has a cognitive complexity of 17, current threshold is 15","https://docs.pmd-code.org/pmd-doc-7.4.0/pmd_rules_apex_design.html#cognitivecomplexity","Design","pmd"
"657","3","3","C:\Users\Mark Meyer\Documents\mega-history\force-app\main\default\classes\RelatedListController.cls","380","20","CyclomaticComplexity","The method 'createWrapper(SObject, String)' has a cyclomatic complexity of 11.","https://docs.pmd-code.org/pmd-doc-7.4.0/pmd_rules_apex_design.html#cyclomaticcomplexity","Design","pmd"
"658","3","3","C:\Users\Mark Meyer\Documents\mega-history\force-app\main\default\classes\RelatedListController.cls","478","20","ExcessiveParameterList","Avoid long parameter lists.","https://docs.pmd-code.org/pmd-doc-7.4.0/pmd_rules_apex_design.html#excessiveparameterlist","Design","pmd"
"659","3","3","C:\Users\Mark Meyer\Documents\mega-history\force-app\main\default\classes\RelatedListController.cls","478","20","StdCyclomaticComplexity","The method 'createQuery' has a Standard Cyclomatic Complexity of 11.","https://docs.pmd-code.org/pmd-doc-7.4.0/pmd_rules_apex_design.html#stdcyclomaticcomplexity","Design","pmd"
"660","3","3","C:\Users\Mark Meyer\Documents\mega-history\force-app\main\default\classes\RelatedListController.cls","478","20","NcssMethodCount","The method 'createQuery()' has an NCSS line count of 41 (limit: 40)","https://docs.pmd-code.org/pmd-doc-7.4.0/pmd_rules_apex_design.html#ncssmethodcount","Design","pmd"
"661","3","3","C:\Users\Mark Meyer\Documents\mega-history\force-app\main\default\classes\RelatedListController.cls","478","20","CognitiveComplexity","The method 'createQuery(String, Schema.DescribeSObjectResult, Tracked_Object__mdt, String, String, Boolean)' has a cognitive complexity of 23, current threshold is 15","https://docs.pmd-code.org/pmd-doc-7.4.0/pmd_rules_apex_design.html#cognitivecomplexity","Design","pmd"
"662","3","3","C:\Users\Mark Meyer\Documents\mega-history\force-app\main\default\classes\RelatedListController.cls","478","20","CyclomaticComplexity","The method 'createQuery(String, Schema.DescribeSObjectResult, Tracked_Object__mdt, String, String, Boolean)' has a cyclomatic complexity of 16.","https://docs.pmd-code.org/pmd-doc-7.4.0/pmd_rules_apex_design.html#cyclomaticcomplexity","Design","pmd"
"663","3","3","C:\Users\Mark Meyer\Documents\mega-history\force-app\main\default\classes\RelatedListController.cls","496","17","AvoidDebugStatements","Avoid debug statements since they impact on performance","https://docs.pmd-code.org/pmd-doc-7.4.0/pmd_rules_apex_performance.html#avoiddebugstatements","Performance","pmd"
"664","3","3","C:\Users\Mark Meyer\Documents\mega-history\force-app\main\default\classes\RelatedListController.cls","496","17","DebugsShouldUseLoggingLevel","Calls to System.debug should specify a logging level.","https://docs.pmd-code.org/pmd-doc-7.4.0/pmd_rules_apex_bestpractices.html#debugsshoulduselogginglevel","Best Practices","pmd"
"665","3","3","C:\Users\Mark Meyer\Documents\mega-history\force-app\main\default\classes\RelatedListController.cls","499","21","AvoidDebugStatements","Avoid debug statements since they impact on performance","https://docs.pmd-code.org/pmd-doc-7.4.0/pmd_rules_apex_performance.html#avoiddebugstatements","Performance","pmd"
"666","3","3","C:\Users\Mark Meyer\Documents\mega-history\force-app\main\default\classes\RelatedListController.cls","499","21","DebugsShouldUseLoggingLevel","Calls to System.debug should specify a logging level.","https://docs.pmd-code.org/pmd-doc-7.4.0/pmd_rules_apex_bestpractices.html#debugsshoulduselogginglevel","Best Practices","pmd"
"667","3","3","C:\Users\Mark Meyer\Documents\mega-history\force-app\main\default\classes\RelatedListController.cls","501","21","AvoidDeeplyNestedIfStmts","Deeply nested if..then statements are hard to read","https://docs.pmd-code.org/pmd-doc-7.4.0/pmd_rules_apex_design.html#avoiddeeplynestedifstmts","Design","pmd"
"668","3","3","C:\Users\Mark Meyer\Documents\mega-history\force-app\main\default\classes\RelatedListController.cls","514","17","AvoidDebugStatements","Avoid debug statements since they impact on performance","https://docs.pmd-code.org/pmd-doc-7.4.0/pmd_rules_apex_performance.html#avoiddebugstatements","Performance","pmd"
"669","3","3","C:\Users\Mark Meyer\Documents\mega-history\force-app\main\default\classes\RelatedListController.cls","514","17","DebugsShouldUseLoggingLevel","Calls to System.debug should specify a logging level.","https://docs.pmd-code.org/pmd-doc-7.4.0/pmd_rules_apex_bestpractices.html#debugsshoulduselogginglevel","Best Practices","pmd"
"670","3","3","C:\Users\Mark Meyer\Documents\mega-history\force-app\main\default\classes\RelatedListController.cls","552","19","StdCyclomaticComplexity","The method 'getIconName' has a Standard Cyclomatic Complexity of 10.","https://docs.pmd-code.org/pmd-doc-7.4.0/pmd_rules_apex_design.html#stdcyclomaticcomplexity","Design","pmd"
"671","3","3","C:\Users\Mark Meyer\Documents\mega-history\force-app\main\default\classes\RelatedListController.cls","552","19","CyclomaticComplexity","The method 'getIconName(String)' has a cyclomatic complexity of 10.","https://docs.pmd-code.org/pmd-doc-7.4.0/pmd_rules_apex_design.html#cyclomaticcomplexity","Design","pmd"
"672","3","3","C:\Users\Mark Meyer\Documents\mega-history\force-app\main\default\classes\RelatedListController.cls","597","19","StdCyclomaticComplexity","The method 'getHistoryRecord' has a Standard Cyclomatic Complexity of 17.","https://docs.pmd-code.org/pmd-doc-7.4.0/pmd_rules_apex_design.html#stdcyclomaticcomplexity","Design","pmd"
"673","3","3","C:\Users\Mark Meyer\Documents\mega-history\force-app\main\default\classes\RelatedListController.cls","597","19","NcssMethodCount","The method 'getHistoryRecord()' has an NCSS line count of 67 (limit: 40)","https://docs.pmd-code.org/pmd-doc-7.4.0/pmd_rules_apex_design.html#ncssmethodcount","Design","pmd"
"674","3","3","C:\Users\Mark Meyer\Documents\mega-history\force-app\main\default\classes\RelatedListController.cls","597","19","CognitiveComplexity","The method 'getHistoryRecord(String, String, Boolean)' has a cognitive complexity of 60, current threshold is 15","https://docs.pmd-code.org/pmd-doc-7.4.0/pmd_rules_apex_design.html#cognitivecomplexity","Design","pmd"
"675","3","3","C:\Users\Mark Meyer\Documents\mega-history\force-app\main\default\classes\RelatedListController.cls","597","19","CyclomaticComplexity","The method 'getHistoryRecord(String, String, Boolean)' has a cyclomatic complexity of 24.","https://docs.pmd-code.org/pmd-doc-7.4.0/pmd_rules_apex_design.html#cyclomaticcomplexity","Design","pmd"
"676","3","3","C:\Users\Mark Meyer\Documents\mega-history\force-app\main\default\classes\RelatedListController.cls","603","17","AvoidDebugStatements","Avoid debug statements since they impact on performance","https://docs.pmd-code.org/pmd-doc-7.4.0/pmd_rules_apex_performance.html#avoiddebugstatements","Performance","pmd"
"677","3","3","C:\Users\Mark Meyer\Documents\mega-history\force-app\main\default\classes\RelatedListController.cls","603","17","DebugsShouldUseLoggingLevel","Calls to System.debug should specify a logging level.","https://docs.pmd-code.org/pmd-doc-7.4.0/pmd_rules_apex_bestpractices.html#debugsshoulduselogginglevel","Best Practices","pmd"
"678","3","3","C:\Users\Mark Meyer\Documents\mega-history\force-app\main\default\classes\RelatedListController.cls","614","21","AvoidDeeplyNestedIfStmts","Deeply nested if..then statements are hard to read","https://docs.pmd-code.org/pmd-doc-7.4.0/pmd_rules_apex_design.html#avoiddeeplynestedifstmts","Design","pmd"
"679","3","3","C:\Users\Mark Meyer\Documents\mega-history\force-app\main\default\classes\RelatedListController.cls","641","21","AvoidDebugStatements","Avoid debug statements since they impact on performance","https://docs.pmd-code.org/pmd-doc-7.4.0/pmd_rules_apex_performance.html#avoiddebugstatements","Performance","pmd"
"680","3","3","C:\Users\Mark Meyer\Documents\mega-history\force-app\main\default\classes\RelatedListController.cls","641","21","DebugsShouldUseLoggingLevel","Calls to System.debug should specify a logging level.","https://docs.pmd-code.org/pmd-doc-7.4.0/pmd_rules_apex_bestpractices.html#debugsshoulduselogginglevel","Best Practices","pmd"
"681","3","3","C:\Users\Mark Meyer\Documents\mega-history\force-app\main\default\classes\RelatedListController.cls","645","29","AvoidDebugStatements","Avoid debug statements since they impact on performance","https://docs.pmd-code.org/pmd-doc-7.4.0/pmd_rules_apex_performance.html#avoiddebugstatements","Performance","pmd"
"682","3","3","C:\Users\Mark Meyer\Documents\mega-history\force-app\main\default\classes\RelatedListController.cls","645","29","DebugsShouldUseLoggingLevel","Calls to System.debug should specify a logging level.","https://docs.pmd-code.org/pmd-doc-7.4.0/pmd_rules_apex_bestpractices.html#debugsshoulduselogginglevel","Best Practices","pmd"
"683","3","3","C:\Users\Mark Meyer\Documents\mega-history\force-app\main\default\classes\RelatedListController.cls","653","33","AvoidDebugStatements","Avoid debug statements since they impact on performance","https://docs.pmd-code.org/pmd-doc-7.4.0/pmd_rules_apex_performance.html#avoiddebugstatements","Performance","pmd"
"684","3","3","C:\Users\Mark Meyer\Documents\mega-history\force-app\main\default\classes\RelatedListController.cls","653","33","DebugsShouldUseLoggingLevel","Calls to System.debug should specify a logging level.","https://docs.pmd-code.org/pmd-doc-7.4.0/pmd_rules_apex_bestpractices.html#debugsshoulduselogginglevel","Best Practices","pmd"
"685","3","3","C:\Users\Mark Meyer\Documents\mega-history\force-app\main\default\classes\RelatedListController.cls","660","21","AvoidDebugStatements","Avoid debug statements since they impact on performance","https://docs.pmd-code.org/pmd-doc-7.4.0/pmd_rules_apex_performance.html#avoiddebugstatements","Performance","pmd"
"686","3","3","C:\Users\Mark Meyer\Documents\mega-history\force-app\main\default\classes\RelatedListController.cls","660","21","DebugsShouldUseLoggingLevel","Calls to System.debug should specify a logging level.","https://docs.pmd-code.org/pmd-doc-7.4.0/pmd_rules_apex_bestpractices.html#debugsshoulduselogginglevel","Best Practices","pmd"
"687","3","3","C:\Users\Mark Meyer\Documents\mega-history\force-app\main\default\classes\RelatedListController.cls","669","13","AvoidDebugStatements","Avoid debug statements since they impact on performance","https://docs.pmd-code.org/pmd-doc-7.4.0/pmd_rules_apex_performance.html#avoiddebugstatements","Performance","pmd"
"688","3","3","C:\Users\Mark Meyer\Documents\mega-history\force-app\main\default\classes\RelatedListController.cls","669","13","DebugsShouldUseLoggingLevel","Calls to System.debug should specify a logging level.","https://docs.pmd-code.org/pmd-doc-7.4.0/pmd_rules_apex_bestpractices.html#debugsshoulduselogginglevel","Best Practices","pmd"
"689","3","3","C:\Users\Mark Meyer\Documents\mega-history\force-app\main\default\classes\RelatedListController.cls","679","19","NcssMethodCount","The method 'saveHistory()' has an NCSS line count of 43 (limit: 40)","https://docs.pmd-code.org/pmd-doc-7.4.0/pmd_rules_apex_design.html#ncssmethodcount","Design","pmd"
"690","3","3","C:\Users\Mark Meyer\Documents\mega-history\force-app\main\default\classes\RelatedListController.cls","679","19","CyclomaticComplexity","The method 'saveHistory(String)' has a cyclomatic complexity of 30.","https://docs.pmd-code.org/pmd-doc-7.4.0/pmd_rules_apex_design.html#cyclomaticcomplexity","Design","pmd"
"691","3","3","C:\Users\Mark Meyer\Documents\mega-history\force-app\main\default\classes\RelatedListController.cls","691","16","EagerlyLoadedDescribeSObjectResult","DescribeSObjectResult could be being loaded eagerly with all child relationships.","https://docs.pmd-code.org/pmd-doc-7.4.0/pmd_rules_apex_performance.html#eagerlyloadeddescribesobjectresult","Performance","pmd"
"692","3","3","C:\Users\Mark Meyer\Documents\mega-history\force-app\main\default\classes\RelatedListController.cls","691","78","EagerlyLoadedDescribeSObjectResult","DescribeSObjectResult could be being loaded eagerly with all child relationships.","https://docs.pmd-code.org/pmd-doc-7.4.0/pmd_rules_apex_performance.html#eagerlyloadeddescribesobjectresult","Performance","pmd"
"693","3","3","C:\Users\Mark Meyer\Documents\mega-history\force-app\main\default\classes\RelatedListController.cls","715","13","AvoidDebugStatements","Avoid debug statements since they impact on performance","https://docs.pmd-code.org/pmd-doc-7.4.0/pmd_rules_apex_performance.html#avoiddebugstatements","Performance","pmd"
"694","3","3","C:\Users\Mark Meyer\Documents\mega-history\force-app\main\default\classes\RelatedListController.cls","753","48","EagerlyLoadedDescribeSObjectResult","DescribeSObjectResult could be being loaded eagerly with all child relationships.","https://docs.pmd-code.org/pmd-doc-7.4.0/pmd_rules_apex_performance.html#eagerlyloadeddescribesobjectresult","Performance","pmd"
"695","3","3","C:\Users\Mark Meyer\Documents\mega-history\force-app\main\default\classes\ReusableLookupController.cls","6","21","StdCyclomaticComplexity","The class 'ReusableLookupController' has a Standard Cyclomatic Complexity of 17 (Highest = 16).","https://docs.pmd-code.org/pmd-doc-7.4.0/pmd_rules_apex_design.html#stdcyclomaticcomplexity","Design","pmd"
"696","3","3","C:\Users\Mark Meyer\Documents\mega-history\force-app\main\default\classes\ReusableLookupController.cls","14","19","StdCyclomaticComplexity","The method 'fetchRecords' has a Standard Cyclomatic Complexity of 16.","https://docs.pmd-code.org/pmd-doc-7.4.0/pmd_rules_apex_design.html#stdcyclomaticcomplexity","Design","pmd"
"697","3","3","C:\Users\Mark Meyer\Documents\mega-history\force-app\main\default\classes\ReusableLookupController.cls","14","19","NcssMethodCount","The method 'fetchRecords()' has an NCSS line count of 62 (limit: 40)","https://docs.pmd-code.org/pmd-doc-7.4.0/pmd_rules_apex_design.html#ncssmethodcount","Design","pmd"
"698","3","3","C:\Users\Mark Meyer\Documents\mega-history\force-app\main\default\classes\ReusableLookupController.cls","14","19","CognitiveComplexity","The method 'fetchRecords(String)' has a cognitive complexity of 39, current threshold is 15","https://docs.pmd-code.org/pmd-doc-7.4.0/pmd_rules_apex_design.html#cognitivecomplexity","Design","pmd"
"699","3","3","C:\Users\Mark Meyer\Documents\mega-history\force-app\main\default\classes\ReusableLookupController.cls","14","19","CyclomaticComplexity","The method 'fetchRecords(String)' has a cyclomatic complexity of 17.","https://docs.pmd-code.org/pmd-doc-7.4.0/pmd_rules_apex_design.html#cyclomaticcomplexity","Design","pmd"
"700","3","3","C:\Users\Mark Meyer\Documents\mega-history\force-app\main\default\classes\ReusableLookupController.cls","58","29","AvoidDeeplyNestedIfStmts","Deeply nested if..then statements are hard to read","https://docs.pmd-code.org/pmd-doc-7.4.0/pmd_rules_apex_design.html#avoiddeeplynestedifstmts","Design","pmd"
"701","3","3","C:\Users\Mark Meyer\Documents\mega-history\force-app\main\default\classes\ReusableLookupController.cls","58","58","IfStmtsMustUseBraces","Avoid using if statements without curly braces","https://docs.pmd-code.org/pmd-doc-7.4.0/pmd_rules_apex_codestyle.html#ifstmtsmustusebraces","Code Style","pmd"
"702","3","3","C:\Users\Mark Meyer\Documents\mega-history\force-app\main\default\classes\ReusableLookupController.cls","58","58","IfElseStmtsMustUseBraces","Avoid using if...else statements without curly braces","https://docs.pmd-code.org/pmd-doc-7.4.0/pmd_rules_apex_codestyle.html#ifelsestmtsmustusebraces","Code Style","pmd"
"703","3","3","C:\Users\Mark Meyer\Documents\mega-history\force-app\main\default\classes\ReusableLookupController.cls","73","13","AvoidDebugStatements","Avoid debug statements since they impact on performance","https://docs.pmd-code.org/pmd-doc-7.4.0/pmd_rules_apex_performance.html#avoiddebugstatements","Performance","pmd"
"704","3","3","C:\Users\Mark Meyer\Documents\mega-history\force-app\main\default\classes\ReusableLookupController.cls","73","13","DebugsShouldUseLoggingLevel","Calls to System.debug should specify a logging level.","https://docs.pmd-code.org/pmd-doc-7.4.0/pmd_rules_apex_bestpractices.html#debugsshoulduselogginglevel","Best Practices","pmd"
"705","3","3","C:\Users\Mark Meyer\Documents\mega-history\force-app\main\default\classes\TrackingController.cls","6","21","StdCyclomaticComplexity","The class 'TrackingController' has a Standard Cyclomatic Complexity of 9 (Highest = 15).","https://docs.pmd-code.org/pmd-doc-7.4.0/pmd_rules_apex_design.html#stdcyclomaticcomplexity","Design","pmd"
"706","3","3","C:\Users\Mark Meyer\Documents\mega-history\force-app\main\default\classes\TrackingController.cls","6","21","CognitiveComplexity","The class 'TrackingController' has a total cognitive complexity of 211 (highest 26), current threshold is 50","https://docs.pmd-code.org/pmd-doc-7.4.0/pmd_rules_apex_design.html#cognitivecomplexity","Design","pmd"
"707","3","3","C:\Users\Mark Meyer\Documents\mega-history\force-app\main\default\classes\TrackingController.cls","6","21","CyclomaticComplexity","The class 'TrackingController' has a total cyclomatic complexity of 136 (highest 19).","https://docs.pmd-code.org/pmd-doc-7.4.0/pmd_rules_apex_design.html#cyclomaticcomplexity","Design","pmd"
"708","3","3","C:\Users\Mark Meyer\Documents\mega-history\force-app\main\default\classes\TrackingController.cls","23","19","StdCyclomaticComplexity","The method 'getRecords' has a Standard Cyclomatic Complexity of 13.","https://docs.pmd-code.org/pmd-doc-7.4.0/pmd_rules_apex_design.html#stdcyclomaticcomplexity","Design","pmd"
"709","3","3","C:\Users\Mark Meyer\Documents\mega-history\force-app\main\default\classes\TrackingController.cls","23","19","CognitiveComplexity","The method 'getRecords()' has a cognitive complexity of 20, current threshold is 15","https://docs.pmd-code.org/pmd-doc-7.4.0/pmd_rules_apex_design.html#cognitivecomplexity","Design","pmd"
"710","3","3","C:\Users\Mark Meyer\Documents\mega-history\force-app\main\default\classes\TrackingController.cls","23","19","CyclomaticComplexity","The method 'getRecords()' has a cyclomatic complexity of 14.","https://docs.pmd-code.org/pmd-doc-7.4.0/pmd_rules_apex_design.html#cyclomaticcomplexity","Design","pmd"
"711","3","3","C:\Users\Mark Meyer\Documents\mega-history\force-app\main\default\classes\TrackingController.cls","23","19","NcssMethodCount","The method 'getRecords()' has an NCSS line count of 41 (limit: 40)","https://docs.pmd-code.org/pmd-doc-7.4.0/pmd_rules_apex_design.html#ncssmethodcount","Design","pmd"
"712","3","3","C:\Users\Mark Meyer\Documents\mega-history\force-app\main\default\classes\TrackingController.cls","27","56","AvoidNonRestrictiveQueries","Avoid SOQL queries without a where or limit statement","https://docs.pmd-code.org/pmd-doc-7.4.0/pmd_rules_apex_performance.html#avoidnonrestrictivequeries","Performance","pmd"
"713","3","3","C:\Users\Mark Meyer\Documents\mega-history\force-app\main\default\classes\TrackingController.cls","35","52","EagerlyLoadedDescribeSObjectResult","DescribeSObjectResult could be being loaded eagerly with all child relationships.","https://docs.pmd-code.org/pmd-doc-7.4.0/pmd_rules_apex_performance.html#eagerlyloadeddescribesobjectresult","Performance","pmd"
"714","3","3","C:\Users\Mark Meyer\Documents\mega-history\force-app\main\default\classes\TrackingController.cls","97","13","AvoidDebugStatements","Avoid debug statements since they impact on performance","https://docs.pmd-code.org/pmd-doc-7.4.0/pmd_rules_apex_performance.html#avoiddebugstatements","Performance","pmd"
"715","3","3","C:\Users\Mark Meyer\Documents\mega-history\force-app\main\default\classes\TrackingController.cls","107","19","StdCyclomaticComplexity","The method 'getObjects' has a Standard Cyclomatic Complexity of 10.","https://docs.pmd-code.org/pmd-doc-7.4.0/pmd_rules_apex_design.html#stdcyclomaticcomplexity","Design","pmd"
"716","3","3","C:\Users\Mark Meyer\Documents\mega-history\force-app\main\default\classes\TrackingController.cls","107","19","CognitiveComplexity","The method 'getObjects()' has a cognitive complexity of 25, current threshold is 15","https://docs.pmd-code.org/pmd-doc-7.4.0/pmd_rules_apex_design.html#cognitivecomplexity","Design","pmd"
"717","3","3","C:\Users\Mark Meyer\Documents\mega-history\force-app\main\default\classes\TrackingController.cls","107","19","CyclomaticComplexity","The method 'getObjects()' has a cyclomatic complexity of 11.","https://docs.pmd-code.org/pmd-doc-7.4.0/pmd_rules_apex_design.html#cyclomaticcomplexity","Design","pmd"
"718","3","3","C:\Users\Mark Meyer\Documents\mega-history\force-app\main\default\classes\TrackingController.cls","110","52","AvoidNonRestrictiveQueries","Avoid SOQL queries without a where or limit statement","https://docs.pmd-code.org/pmd-doc-7.4.0/pmd_rules_apex_performance.html#avoidnonrestrictivequeries","Performance","pmd"
"719","3","3","C:\Users\Mark Meyer\Documents\mega-history\force-app\main\default\classes\TrackingController.cls","127","29","AvoidDeeplyNestedIfStmts","Deeply nested if..then statements are hard to read","https://docs.pmd-code.org/pmd-doc-7.4.0/pmd_rules_apex_design.html#avoiddeeplynestedifstmts","Design","pmd"
"720","3","3","C:\Users\Mark Meyer\Documents\mega-history\force-app\main\default\classes\TrackingController.cls","131","25","AvoidDeeplyNestedIfStmts","Deeply nested if..then statements are hard to read","https://docs.pmd-code.org/pmd-doc-7.4.0/pmd_rules_apex_design.html#avoiddeeplynestedifstmts","Design","pmd"
"721","3","3","C:\Users\Mark Meyer\Documents\mega-history\force-app\main\default\classes\TrackingController.cls","139","21","AvoidDebugStatements","Avoid debug statements since they impact on performance","https://docs.pmd-code.org/pmd-doc-7.4.0/pmd_rules_apex_performance.html#avoiddebugstatements","Performance","pmd"
"722","3","3","C:\Users\Mark Meyer\Documents\mega-history\force-app\main\default\classes\TrackingController.cls","172","19","CyclomaticComplexity","The method 'getObjectSelectedDetails(String)' has a cyclomatic complexity of 11.","https://docs.pmd-code.org/pmd-doc-7.4.0/pmd_rules_apex_design.html#cyclomaticcomplexity","Design","pmd"
"723","3","3","C:\Users\Mark Meyer\Documents\mega-history\force-app\main\default\classes\TrackingController.cls","180","48","EagerlyLoadedDescribeSObjectResult","DescribeSObjectResult could be being loaded eagerly with all child relationships.","https://docs.pmd-code.org/pmd-doc-7.4.0/pmd_rules_apex_performance.html#eagerlyloadeddescribesobjectresult","Performance","pmd"
"724","3","3","C:\Users\Mark Meyer\Documents\mega-history\force-app\main\default\classes\TrackingController.cls","222","19","CyclomaticComplexity","The method 'getObjectDetails(String)' has a cyclomatic complexity of 12.","https://docs.pmd-code.org/pmd-doc-7.4.0/pmd_rules_apex_design.html#cyclomaticcomplexity","Design","pmd"
"725","3","3","C:\Users\Mark Meyer\Documents\mega-history\force-app\main\default\classes\TrackingController.cls","225","48","EagerlyLoadedDescribeSObjectResult","DescribeSObjectResult could be being loaded eagerly with all child relationships.","https://docs.pmd-code.org/pmd-doc-7.4.0/pmd_rules_apex_performance.html#eagerlyloadeddescribesobjectresult","Performance","pmd"
"726","3","3","C:\Users\Mark Meyer\Documents\mega-history\force-app\main\default\classes\TrackingController.cls","273","19","StdCyclomaticComplexity","The method 'submitMetaData' has a Standard Cyclomatic Complexity of 15.","https://docs.pmd-code.org/pmd-doc-7.4.0/pmd_rules_apex_design.html#stdcyclomaticcomplexity","Design","pmd"
"727","3","3","C:\Users\Mark Meyer\Documents\mega-history\force-app\main\default\classes\TrackingController.cls","273","19","NcssMethodCount","The method 'submitMetaData()' has an NCSS line count of 46 (limit: 40)","https://docs.pmd-code.org/pmd-doc-7.4.0/pmd_rules_apex_design.html#ncssmethodcount","Design","pmd"
"728","3","3","C:\Users\Mark Meyer\Documents\mega-history\force-app\main\default\classes\TrackingController.cls","273","19","CognitiveComplexity","The method 'submitMetaData(String, String, List<String>)' has a cognitive complexity of 21, current threshold is 15","https://docs.pmd-code.org/pmd-doc-7.4.0/pmd_rules_apex_design.html#cognitivecomplexity","Design","pmd"
"729","3","3","C:\Users\Mark Meyer\Documents\mega-history\force-app\main\default\classes\TrackingController.cls","273","19","CyclomaticComplexity","The method 'submitMetaData(String, String, List<String>)' has a cyclomatic complexity of 19.","https://docs.pmd-code.org/pmd-doc-7.4.0/pmd_rules_apex_design.html#cyclomaticcomplexity","Design","pmd"
"730","3","3","C:\Users\Mark Meyer\Documents\mega-history\force-app\main\default\classes\TrackingController.cls","383","19","StdCyclomaticComplexity","The method 'generateMetadata' has a Standard Cyclomatic Complexity of 12.","https://docs.pmd-code.org/pmd-doc-7.4.0/pmd_rules_apex_design.html#stdcyclomaticcomplexity","Design","pmd"
"731","3","3","C:\Users\Mark Meyer\Documents\mega-history\force-app\main\default\classes\TrackingController.cls","383","19","CognitiveComplexity","The method 'generateMetadata(String)' has a cognitive complexity of 25, current threshold is 15","https://docs.pmd-code.org/pmd-doc-7.4.0/pmd_rules_apex_design.html#cognitivecomplexity","Design","pmd"
"732","3","3","C:\Users\Mark Meyer\Documents\mega-history\force-app\main\default\classes\TrackingController.cls","383","19","CyclomaticComplexity","The method 'generateMetadata(String)' has a cyclomatic complexity of 13.","https://docs.pmd-code.org/pmd-doc-7.4.0/pmd_rules_apex_design.html#cyclomaticcomplexity","Design","pmd"
"733","3","3","C:\Users\Mark Meyer\Documents\mega-history\force-app\main\default\classes\TrackingController.cls","403","25","AvoidDeeplyNestedIfStmts","Deeply nested if..then statements are hard to read","https://docs.pmd-code.org/pmd-doc-7.4.0/pmd_rules_apex_design.html#avoiddeeplynestedifstmts","Design","pmd"
"734","3","3","C:\Users\Mark Meyer\Documents\mega-history\force-app\main\default\classes\TrackingController.cls","406","32","AvoidDeeplyNestedIfStmts","Deeply nested if..then statements are hard to read","https://docs.pmd-code.org/pmd-doc-7.4.0/pmd_rules_apex_design.html#avoiddeeplynestedifstmts","Design","pmd"
"735","3","3","C:\Users\Mark Meyer\Documents\mega-history\force-app\main\default\classes\TrackingController.cls","446","19","CognitiveComplexity","The method 'handleCustomMetadata(String)' has a cognitive complexity of 16, current threshold is 15","https://docs.pmd-code.org/pmd-doc-7.4.0/pmd_rules_apex_design.html#cognitivecomplexity","Design","pmd"
"736","3","3","C:\Users\Mark Meyer\Documents\mega-history\force-app\main\default\classes\TrackingController.cls","446","19","CyclomaticComplexity","The method 'handleCustomMetadata(String)' has a cyclomatic complexity of 10.","https://docs.pmd-code.org/pmd-doc-7.4.0/pmd_rules_apex_design.html#cyclomaticcomplexity","Design","pmd"
"737","3","3","C:\Users\Mark Meyer\Documents\mega-history\force-app\main\default\classes\TrackingController.cls","449","13","AvoidDebugStatements","Avoid debug statements since they impact on performance","https://docs.pmd-code.org/pmd-doc-7.4.0/pmd_rules_apex_performance.html#avoiddebugstatements","Performance","pmd"
"738","3","3","C:\Users\Mark Meyer\Documents\mega-history\force-app\main\default\classes\TrackingController.cls","449","13","DebugsShouldUseLoggingLevel","Calls to System.debug should specify a logging level.","https://docs.pmd-code.org/pmd-doc-7.4.0/pmd_rules_apex_bestpractices.html#debugsshoulduselogginglevel","Best Practices","pmd"
"739","3","3","C:\Users\Mark Meyer\Documents\mega-history\force-app\main\default\classes\TrackingController.cls","456","25","AvoidDeeplyNestedIfStmts","Deeply nested if..then statements are hard to read","https://docs.pmd-code.org/pmd-doc-7.4.0/pmd_rules_apex_design.html#avoiddeeplynestedifstmts","Design","pmd"
"740","3","3","C:\Users\Mark Meyer\Documents\mega-history\force-app\main\default\classes\TrackingController.cls","487","20","CognitiveComplexity","The method 'deleteMetadata(List<MetadataWrapper>)' has a cognitive complexity of 16, current threshold is 15","https://docs.pmd-code.org/pmd-doc-7.4.0/pmd_rules_apex_design.html#cognitivecomplexity","Design","pmd"
"741","3","3","C:\Users\Mark Meyer\Documents\mega-history\force-app\main\default\classes\TrackingController.cls","590","19","StdCyclomaticComplexity","The method 'checkAsyncRequest' has a Standard Cyclomatic Complexity of 12.","https://docs.pmd-code.org/pmd-doc-7.4.0/pmd_rules_apex_design.html#stdcyclomaticcomplexity","Design","pmd"
"742","3","3","C:\Users\Mark Meyer\Documents\mega-history\force-app\main\default\classes\TrackingController.cls","590","19","CognitiveComplexity","The method 'checkAsyncRequest(String)' has a cognitive complexity of 26, current threshold is 15","https://docs.pmd-code.org/pmd-doc-7.4.0/pmd_rules_apex_design.html#cognitivecomplexity","Design","pmd"
"743","3","3","C:\Users\Mark Meyer\Documents\mega-history\force-app\main\default\classes\TrackingController.cls","590","19","CyclomaticComplexity","The method 'checkAsyncRequest(String)' has a cyclomatic complexity of 17.","https://docs.pmd-code.org/pmd-doc-7.4.0/pmd_rules_apex_design.html#cyclomaticcomplexity","Design","pmd"
"744","3","3","C:\Users\Mark Meyer\Documents\mega-history\force-app\main\default\classes\TrackingWrapper.cls","6","21","TooManyFields","Too many fields","https://docs.pmd-code.org/pmd-doc-7.4.0/pmd_rules_apex_design.html#toomanyfields","Design","pmd"
"745","2","1","C:\Users\Mark Meyer\Documents\mega-history\force-app\main\default\lwc\import\import.js","309","31","no-useless-escape","Unnecessary escape character: \"".","https://eslint.org/docs/latest/rules/no-useless-escape","suggestion","eslint"
"746","2","1","C:\Users\Mark Meyer\Documents\mega-history\force-app\main\default\lwc\import\import.js","310","45","no-useless-escape","Unnecessary escape character: \"".","https://eslint.org/docs/latest/rules/no-useless-escape","suggestion","eslint"
"747","2","1","C:\Users\Mark Meyer\Documents\mega-history\force-app\main\default\lwc\import\import.js","311","53","no-useless-escape","Unnecessary escape character: \"".","https://eslint.org/docs/latest/rules/no-useless-escape","suggestion","eslint"
"748","2","1","C:\Users\Mark Meyer\Documents\mega-history\force-app\main\default\lwc\tracking\jszip\jszip-deflate.js","11","5","no-undef","'JSZip' is not defined.","https://eslint.org/docs/latest/rules/no-undef","problem","eslint"
"749","2","1","C:\Users\Mark Meyer\Documents\mega-history\force-app\main\default\lwc\tracking\jszip\jszip-deflate.js","1660","5","no-undef","'JSZip' is not defined.","https://eslint.org/docs/latest/rules/no-undef","problem","eslint"
"750","2","1","C:\Users\Mark Meyer\Documents\mega-history\force-app\main\default\lwc\tracking\jszip\jszip-deflate.js","1661","3","no-undef","'JSZip' is not defined.","https://eslint.org/docs/latest/rules/no-undef","problem","eslint"
"751","2","1","C:\Users\Mark Meyer\Documents\mega-history\force-app\main\default\lwc\tracking\jszip\jszip-deflate.js","1666","3","no-undef","'JSZip' is not defined.","https://eslint.org/docs/latest/rules/no-undef","problem","eslint"
"752","2","1","C:\Users\Mark Meyer\Documents\mega-history\force-app\main\default\lwc\tracking\jszip\jszip-inflate.js","11","5","no-undef","'JSZip' is not defined.","https://eslint.org/docs/latest/rules/no-undef","problem","eslint"
"753","2","1","C:\Users\Mark Meyer\Documents\mega-history\force-app\main\default\lwc\tracking\jszip\jszip-inflate.js","763","5","no-undef","'JSZip' is not defined.","https://eslint.org/docs/latest/rules/no-undef","problem","eslint"
"754","2","1","C:\Users\Mark Meyer\Documents\mega-history\force-app\main\default\lwc\tracking\jszip\jszip-inflate.js","764","3","no-undef","'JSZip' is not defined.","https://eslint.org/docs/latest/rules/no-undef","problem","eslint"
"755","2","1","C:\Users\Mark Meyer\Documents\mega-history\force-app\main\default\lwc\tracking\jszip\jszip-inflate.js","769","3","no-undef","'JSZip' is not defined.","https://eslint.org/docs/latest/rules/no-undef","problem","eslint"
